player,position,team,age,birth_year,games,games_starts,games_complete,games_subs,unused_subs,minutes,minutes_per_game,minutes_pct,minutes_90s,minutes_per_start,points_per_game,on_goals_for,on_goals_against,plus_minus,plus_minus_per90,on_xg_for,on_xg_against,xg_plus_minus,xg_plus_minus_per90,plus_minus_wowy,xg_plus_minus_wowy,minutes_per_sub
Aaron Long,DF,United States,30,1992,0,0,0,0,4,,,,,,,,,,,,,,,,,
Aaron Mooy,MF,Australia,32,1990,4,4,4,0,0,360.0,90.0,100.0,4.0,90.0,1.5,4.0,6.0,-2.0,-0.5,2.3,7.2,-4.9,-1.23,,,
Aaron Ramsdale,GK,England,24,1998,0,0,0,0,5,,,,,,,,,,,,,,,,,
Aaron Ramsey,MF,Wales,31,1990,3,3,2,0,0,266.0,89.0,98.5,3.0,89.0,0.33,1.0,4.0,-3.0,-1.02,2.6,4.1,-1.5,-0.49,43.98,9.06,
Abdelhamid Sabiri,MF,Morocco,26,1996,5,2,0,3,2,181.0,36.0,27.4,2.0,55.0,1.6,5.0,3.0,2.0,0.99,3.1,1.6,1.5,0.9,1.18,1.3,24.0
Abdelkarim Hassan,DF,Qatar,29,1993,3,3,3,0,0,270.0,90.0,100.0,3.0,90.0,0.0,1.0,7.0,-6.0,-2.0,1.4,3.5,-2.1,-0.71,,,
Abderrazak Hamdallah,FW,Morocco,32,1990,4,0,0,4,3,68.0,17.0,10.3,0.8,,1.75,2.0,1.0,1.0,1.32,1.9,1.0,0.9,1.16,1.32,1.42,17.0
Abdessamad Ezzalzouli,FW,Morocco,21,2001,3,0,0,3,4,93.0,31.0,14.1,1.0,,0.67,0.0,1.0,-1.0,-0.97,1.1,1.4,-0.3,-0.48,-1.29,-0.41,31.0
Abdou Diallo,DF,Senegal,26,1996,4,4,3,0,0,331.0,83.0,91.9,3.7,83.0,1.5,5.0,5.0,0.0,0.0,4.0,3.2,0.8,0.21,6.21,-0.59,
Abdul Fatawu Issahaku,FW,Ghana,18,2004,1,0,0,1,2,1.0,1.0,0.4,0.0,,0.0,0.0,0.0,0.0,0.0,0.0,0.0,0.0,-3.29,0.67,-2.82,1.0
Abdulaziz Hatem,MF,Qatar,32,1990,3,2,1,1,0,196.0,65.0,72.6,2.2,87.0,0.0,1.0,5.0,-4.0,-1.84,0.7,3.0,-2.4,-1.08,0.6,-1.36,22.0
Abdulelah Al-Amri,DF,Saudi Arabia,25,1997,3,2,2,1,0,182.0,61.0,67.4,2.0,90.0,1.0,1.0,4.0,-3.0,-1.48,2.8,3.9,-1.1,-0.53,-2.51,1.49,2.0
Abdulellah Al-Malki,MF,Saudi Arabia,28,1994,2,2,1,0,0,174.0,87.0,64.4,1.9,87.0,1.5,2.0,3.0,-1.0,-0.52,1.8,3.5,-1.7,-0.9,0.42,0.31,
Abdullah Madu,DF,Saudi Arabia,29,1993,1,0,0,1,2,45.0,45.0,16.7,0.5,,0.0,1.0,2.0,-1.0,-2.0,0.9,1.3,-0.4,-0.79,-1.6,0.27,45.0
Abdullah Otayf,MF,Saudi Arabia,30,1992,0,0,0,0,3,,,,,,,,,,,,,,,,,
Abdulrahman Al-Aboud,MF,Saudi Arabia,27,1995,2,0,0,2,1,35.0,18.0,13.0,0.4,,0.0,1.0,0.0,1.0,2.57,0.8,0.9,-0.1,-0.18,3.72,0.95,18.0
Abolfazl Jalali,DF,IR Iran,24,1998,1,0,0,1,2,19.0,19.0,7.0,0.2,,0.0,0.0,0.0,0.0,0.0,0.2,0.1,0.1,0.43,1.08,0.81,19.0
Achraf Dari,DF,Morocco,23,1999,3,2,1,1,4,187.0,62.0,28.3,2.1,77.0,1.0,1.0,4.0,-3.0,-1.44,2.3,3.1,-0.8,-0.37,-2.2,-0.37,34.0
Achraf Hakimi,DF,Morocco,24,1998,7,7,5,0,0,631.0,90.0,95.6,7.0,90.0,1.57,4.0,5.0,-1.0,-0.14,5.3,7.4,-2.1,-0.31,-6.35,-2.21,
Adam Davies,GK,Wales,30,1992,0,0,0,0,3,,,,,,,,,,,,,,,,,
Adrien Rabiot,MF,France,27,1995,6,5,4,1,0,483.0,81.0,73.2,5.4,91.0,2.17,13.0,6.0,7.0,1.3,10.4,7.2,3.2,0.59,0.8,0.32,28.0
Agustín Canobbio,MF,Uruguay,24,1998,1,0,0,1,2,11.0,11.0,4.1,0.1,,3.0,0.0,0.0,0.0,0.0,0.2,0.6,-0.4,-3.14,0.0,-3.32,11.0
Ahmad Nourollahi,MF,IR Iran,29,1993,3,3,0,0,0,223.0,74.0,82.6,2.5,74.0,1.0,1.0,6.0,-5.0,-2.02,1.6,3.1,-1.5,-0.6,-5.85,-1.61,
Ahmed Alaaeldin,FW,Qatar,29,1993,1,0,0,1,2,6.0,6.0,2.2,0.1,,0.0,0.0,0.0,0.0,0.0,0.0,0.0,0.0,-0.07,2.05,0.65,6.0
Ahmed Reda Tagnaouti,GK,Morocco,26,1996,0,0,0,0,7,,,,,,,,,,,,,,,,,
Aimen Dahmen,GK,Tunisia,25,1997,3,3,3,0,0,270.0,90.0,100.0,3.0,90.0,1.33,1.0,1.0,0.0,0.0,2.3,2.8,-0.5,-0.17,,,
Ajdin Hrustic,MF,Australia,26,1996,3,0,0,3,1,62.0,21.0,17.2,0.7,,2.0,1.0,0.0,1.0,1.45,0.6,1.6,-1.0,-1.44,2.36,-0.25,21.0
Akram Afif,FW,Qatar,26,1996,3,3,3,0,0,270.0,90.0,100.0,3.0,90.0,0.0,1.0,7.0,-6.0,-2.0,1.4,3.5,-2.1,-0.71,,,
Alan Franco,MF,Ecuador,24,1998,2,1,0,1,1,46.0,23.0,17.0,0.5,45.0,1.5,0.0,1.0,-1.0,-1.96,0.1,1.6,-1.4,-2.79,-2.76,-3.83,1.0
Alejandro Balde,DF,Spain,19,2003,4,1,0,3,0,126.0,32.0,32.3,1.4,67.0,1.25,4.0,3.0,1.0,0.71,1.9,1.7,0.2,0.19,-0.99,-0.6,20.0
Aleksandar Mitrovič,FW,Serbia,28,1994,3,3,2,0,0,262.0,87.0,97.0,2.9,87.0,0.33,5.0,8.0,-3.0,-1.03,3.3,7.3,-3.9,-1.35,-1.03,-1.13,
Alex Sandro,DF,Brazil,31,1991,3,2,1,1,0,190.0,63.0,39.6,2.1,88.0,2.33,3.0,1.0,2.0,0.95,3.4,0.6,2.7,1.41,0.02,-0.7,15.0
Alex Telles,DF,Brazil,30,1992,2,1,0,1,1,59.0,30.0,12.3,0.7,54.0,1.5,0.0,0.0,0.0,0.0,1.4,0.2,1.2,1.79,-1.07,-0.08,5.0
Alexander Bah,DF,Denmark,25,1997,2,0,0,2,1,46.0,23.0,17.0,0.5,,0.0,0.0,1.0,-1.0,-1.96,0.4,0.4,-0.1,-0.16,-1.55,0.28,23.0
Alexander Djiku,DF,Ghana,28,1994,2,1,0,1,1,97.0,49.0,35.9,1.1,89.0,1.5,2.0,3.0,-1.0,-0.93,0.9,2.4,-1.4,-1.33,-0.41,-1.33,8.0
Alexander Domínguez,GK,Ecuador,35,1987,0,0,0,0,3,,,,,,,,,,,,,,,,,
Alexis Mac Allister,MF,Argentina,23,1998,6,6,1,0,1,550.0,92.0,79.7,6.1,92.0,2.33,13.0,5.0,8.0,1.31,11.3,2.8,8.5,1.47,1.95,0.36,
Alexis Vega,FW,Mexico,25,1997,3,3,0,0,0,193.0,64.0,71.5,2.1,64.0,1.33,0.0,1.0,-1.0,-0.47,1.9,1.3,0.7,0.31,-0.47,0.02,
Alfred Gomis,GK,Senegal,29,1993,0,0,0,0,4,,,,,,,,,,,,,,,,,
Alfredo Talavera,GK,Mexico,40,1982,0,0,0,0,3,,,,,,,,,,,,,,,,,
Ali Abdi,DF,Tunisia,28,1993,3,2,2,1,0,188.0,63.0,69.6,2.1,90.0,1.33,0.0,1.0,-1.0,-0.48,1.8,2.3,-0.4,-0.21,-1.58,-0.14,8.0
Ali Al Hassan,MF,Saudi Arabia,25,1997,1,1,0,0,2,45.0,45.0,16.7,0.5,45.0,0.0,0.0,0.0,0.0,0.0,0.2,1.0,-0.8,-1.56,0.8,-0.66,
Ali Al-Bulaihi,DF,Saudi Arabia,33,1989,3,3,2,0,0,216.0,72.0,80.0,2.4,72.0,1.0,2.0,3.0,-1.0,-0.42,2.0,4.5,-2.6,-1.06,1.25,-0.27,
Ali Assadalla,MF,Qatar,29,1993,1,0,0,1,2,27.0,27.0,10.0,0.3,,0.0,0.0,0.0,0.0,0.0,0.0,0.0,0.0,0.06,2.22,0.86,27.0
Ali Gholizadeh,MF,IR Iran,26,1996,3,2,0,1,0,199.0,66.0,73.7,2.2,77.0,1.0,2.0,4.0,-2.0,-0.9,2.3,3.0,-0.6,-0.29,0.36,0.11,45.0
Ali Karimi,MF,IR Iran,28,1994,3,1,0,2,0,99.0,33.0,36.7,1.1,45.0,1.0,2.0,3.0,-1.0,-0.91,1.1,1.4,-0.3,-0.28,0.14,0.06,27.0
Ali Maâloul,DF,Tunisia,32,1990,1,1,1,0,2,90.0,90.0,33.3,1.0,90.0,3.0,1.0,0.0,1.0,1.0,0.5,0.8,-0.3,-0.3,1.5,-0.2,
Alidu Seidu,DF,Ghana,22,2000,2,2,1,0,1,155.0,78.0,57.4,1.7,78.0,0.0,0.0,3.0,-3.0,-1.74,1.6,3.3,-1.6,-0.95,-2.52,-1.12,
Alireza Beiranvand,GK,IR Iran,30,1992,2,2,1,0,0,109.0,55.0,40.4,1.2,55.0,0.0,0.0,1.0,-1.0,-0.83,0.4,1.3,-0.9,-0.71,0.29,-0.66,
Alireza Jahanbakhsh,MF,IR Iran,29,1993,2,1,0,1,0,59.0,30.0,21.9,0.7,45.0,1.5,2.0,3.0,-1.0,-1.53,0.6,1.1,-0.4,-0.62,-0.67,-0.39,14.0
Alisson,GK,Brazil,30,1992,4,4,3,0,1,379.0,95.0,79.0,4.2,95.0,2.5,8.0,2.0,6.0,1.42,9.2,1.5,7.7,1.99,2.32,0.48,
Alistair Johnston,DF,Canada,24,1998,3,3,3,0,0,270.0,90.0,100.0,3.0,90.0,0.0,2.0,7.0,-5.0,-1.67,4.2,3.9,0.3,0.11,,,
Almoez Ali,FW,Qatar,26,1996,3,3,1,0,0,224.0,75.0,83.0,2.5,75.0,0.0,1.0,7.0,-6.0,-2.41,1.3,3.5,-2.1,-0.86,-2.41,-0.88,
Alphonse Areola,GK,France,29,1993,0,0,0,0,7,,,,,,,,,,,,,,,,,
Alphonso Davies,MF,Canada,22,2000,3,3,3,0,0,270.0,90.0,100.0,3.0,90.0,0.0,2.0,7.0,-5.0,-1.67,4.2,3.9,0.3,0.11,,,
Amadou Onana,MF,Belgium,21,2001,2,1,0,1,0,104.0,52.0,38.5,1.2,59.0,1.5,0.0,0.0,0.0,0.0,1.2,0.7,0.4,0.36,0.54,0.49,45.0
Amir Abedzadeh,GK,IR Iran,29,1993,0,0,0,0,3,,,,,,,,,,,,,,,,,
Anass Zaroury,FW,Morocco,22,2000,1,0,0,1,6,27.0,27.0,4.1,0.3,,0.0,0.0,0.0,0.0,0.0,0.4,0.3,0.1,0.4,-0.14,0.53,27.0
Andre-Frank Zambo Anguissa,MF,Cameroon,27,1995,3,3,2,0,0,260.0,87.0,96.3,2.9,87.0,1.33,4.0,4.0,0.0,0.0,3.4,5.6,-2.3,-0.78,0.0,-0.04,
Andreas Christensen,DF,Denmark,26,1996,3,3,3,0,0,270.0,90.0,100.0,3.0,90.0,0.33,1.0,3.0,-2.0,-0.67,2.7,3.9,-1.2,-0.39,,,
Andreas Cornelius,FW,Denmark,29,1993,3,1,0,2,0,92.0,31.0,34.1,1.0,45.0,0.33,0.0,0.0,0.0,0.0,1.3,1.0,0.3,0.33,1.01,1.1,24.0
Andreas Skov Olsen,FW,Denmark,22,1999,2,2,0,0,1,132.0,66.0,48.9,1.5,66.0,0.5,0.0,1.0,-1.0,-0.68,0.8,1.4,-0.7,-0.45,-0.03,-0.11,
Andrej Kramarič,FW,Croatia,31,1991,7,7,0,0,0,474.0,68.0,68.7,5.3,68.0,1.43,6.0,6.0,0.0,0.0,4.7,7.5,-2.8,-0.54,-0.42,-0.03,
Andrew Redmayne,GK,Australia,33,1989,0,0,0,0,4,,,,,,,,,,,,,,,,,
Andries Noppert,GK,Netherlands,28,1994,5,5,5,0,0,480.0,96.0,100.0,5.3,96.0,2.2,10.0,4.0,6.0,1.13,4.6,6.1,-1.5,-0.29,,-0.29,
Andrija Živkovič,DF,Serbia,26,1996,3,3,0,0,0,210.0,70.0,77.8,2.3,70.0,0.33,5.0,6.0,-1.0,-0.43,3.0,5.6,-2.7,-1.14,2.57,0.79,
André Ayew,MF,Ghana,33,1989,3,3,0,0,0,198.0,66.0,73.3,2.2,66.0,1.0,4.0,5.0,-1.0,-0.45,2.9,4.2,-1.3,-0.58,0.8,-0.37,
André Onana,GK,Cameroon,26,1996,1,1,0,0,0,80.0,80.0,29.6,0.9,80.0,0.0,0.0,1.0,-1.0,-1.13,0.7,1.4,-0.7,-0.7,-1.6,0.12,
André Silva,FW,Portugal,27,1995,1,0,0,1,4,26.0,26.0,5.8,0.3,,0.0,0.0,1.0,-1.0,-3.46,0.1,0.9,-0.8,-2.79,-4.95,-3.23,26.0
Andrés Guardado,MF,Mexico,36,1986,1,1,0,0,2,41.0,41.0,15.2,0.5,41.0,0.0,0.0,0.0,0.0,0.0,0.2,0.1,0.1,0.23,0.39,-0.08,
Anis Ben Slimane,MF,Tunisia,21,2001,2,2,0,0,1,148.0,74.0,54.8,1.6,74.0,2.0,1.0,0.0,1.0,0.61,1.4,0.9,0.5,0.29,1.35,1.02,
Ansu Fati,FW,Spain,20,2002,2,0,0,2,2,46.0,23.0,11.8,0.5,,0.5,0.0,0.0,0.0,0.0,0.6,0.7,0.0,-0.01,-1.57,-0.68,23.0
Ante Budimir,FW,Croatia,31,1991,2,0,0,2,5,55.0,28.0,8.0,0.6,,1.0,1.0,0.0,1.0,1.64,0.7,0.4,0.3,0.57,1.64,1.17,28.0
Anthony Contreras,FW,Costa Rica,22,2000,3,2,0,1,0,125.0,42.0,46.3,1.4,62.0,1.0,0.0,4.0,-4.0,-2.88,0.0,3.7,-3.6,-2.61,-0.4,0.53,1.0
Anthony Hernández,FW,Costa Rica,21,2001,0,0,0,0,3,,,,,,,,,,,,,,,,,
Antoine Griezmann,MF,France,31,1991,7,6,4,1,0,537.0,77.0,81.4,6.0,87.0,2.29,13.0,6.0,7.0,1.17,11.5,8.0,3.5,0.59,0.44,0.44,18.0
Antoine Semenyo,FW,Ghana,22,2000,2,0,0,2,1,20.0,10.0,7.4,0.2,,0.0,0.0,0.0,0.0,0.0,0.6,0.2,0.4,1.75,0.72,2.41,10.0
Antonee Robinson,DF,United States,25,1997,4,4,3,0,0,359.0,90.0,99.7,4.0,90.0,1.25,3.0,4.0,-1.0,-0.25,4.0,4.4,-0.4,-0.09,-0.25,-6.84,
Antonio Rüdiger,DF,Germany,29,1993,3,3,3,0,0,270.0,90.0,100.0,3.0,90.0,1.33,6.0,5.0,1.0,0.33,10.1,3.4,6.7,2.22,,,
Antony,FW,Brazil,22,2000,4,1,0,3,1,172.0,43.0,35.8,1.9,78.0,1.75,2.0,1.0,1.0,0.52,4.0,0.6,3.4,2.14,-0.65,0.41,31.0
António Silva,DF,Portugal,19,2003,1,1,1,0,4,90.0,90.0,20.0,1.0,90.0,0.0,1.0,2.0,-1.0,-1.0,1.3,1.7,-0.4,-0.42,-2.75,-0.84,
Ao Tanaka,MF,Japan,24,1998,3,2,0,1,1,171.0,57.0,43.8,1.9,78.0,2.33,2.0,2.0,0.0,0.0,1.8,3.6,-1.8,-1.01,-0.41,-1.43,15.0
Ardon Jasari,FW,Switzerland,20,2002,1,0,0,1,3,2.0,2.0,0.6,0.0,,0.0,0.0,1.0,-1.0,-45.0,0.0,0.1,-0.1,-2.59,-44.25,-2.69,2.0
Arkadiusz Milik,FW,Poland,28,1994,3,1,0,2,1,101.0,34.0,28.1,1.1,70.0,1.33,2.0,2.0,0.0,0.0,1.8,1.9,-0.1,-0.06,0.69,0.86,16.0
Armel Bella Kotchap,DF,Germany,21,2001,0,0,0,0,3,,,,,,,,,,,,,,,,,
Arthur Theate,DF,Belgium,22,2000,0,0,0,0,3,,,,,,,,,,,,,,,,,
Artur JÄędrzejczyk,DF,Poland,35,1987,1,0,0,1,3,19.0,19.0,5.3,0.2,,0.0,0.0,0.0,0.0,0.0,0.0,0.7,-0.7,-3.31,0.53,-2.77,19.0
Asiri Haitham,FW,Saudi Arabia,21,2001,1,0,0,1,2,2.0,2.0,0.7,0.0,,3.0,0.0,0.0,0.0,0.0,0.0,0.1,-0.1,-3.19,0.67,-2.19,2.0
Assim Madibo,MF,Qatar,26,1996,2,2,1,0,1,153.0,77.0,56.7,1.7,77.0,0.0,1.0,5.0,-4.0,-2.35,1.0,2.3,-1.3,-0.76,-0.81,-0.11,
Atiba Hutchinson,MF,Canada,39,1983,3,2,0,1,0,159.0,53.0,58.9,1.8,64.0,0.0,1.0,4.0,-3.0,-1.7,3.2,2.1,1.1,0.6,-0.08,1.21,31.0
Aurélien Tchouaméni,MF,France,22,2000,7,7,5,0,0,621.0,89.0,94.1,6.9,89.0,2.29,14.0,7.0,7.0,1.01,13.2,9.0,4.1,0.63,-1.29,1.14,
Awer Mabil,MF,Australia,27,1995,2,0,0,2,2,24.0,12.0,6.7,0.3,,1.5,0.0,0.0,0.0,0.0,0.0,0.6,-0.6,-2.35,0.54,-1.2,12.0
Axel Disasi,DF,France,24,1998,3,1,1,2,4,92.0,31.0,13.9,1.0,90.0,1.33,0.0,2.0,-2.0,-1.96,1.1,1.7,-0.6,-0.61,-3.54,-1.29,1.0
Axel Witsel,MF,Belgium,33,1989,3,3,3,0,0,270.0,90.0,100.0,3.0,90.0,1.33,1.0,2.0,-1.0,-0.33,4.7,4.6,0.2,0.05,,,
Ayase Ueda,FW,Japan,24,1998,1,1,0,0,3,45.0,45.0,11.5,0.5,45.0,0.0,0.0,0.0,0.0,0.0,0.0,0.0,0.0,-0.03,-0.26,0.15,
Aymen Mathlouthi,GK,Tunisia,38,1984,0,0,0,0,3,,,,,,,,,,,,,,,,,
Aymeric Laporte,DF,Spain,28,1994,3,3,3,0,1,300.0,100.0,76.9,3.3,100.0,1.67,8.0,1.0,7.0,2.1,5.1,2.0,3.1,1.05,3.1,1.36,
Ayrton Preciado,MF,Ecuador,28,1994,0,0,0,0,3,,,,,,,,,,,,,,,,,
Aziz Behich,DF,Australia,32,1990,4,4,4,0,0,360.0,90.0,100.0,4.0,90.0,1.5,4.0,6.0,-2.0,-0.5,2.3,7.2,-4.9,-1.23,,,
Azzedine Ounahi,MF,Morocco,22,2000,7,6,2,1,0,568.0,81.0,86.1,6.3,89.0,1.57,4.0,3.0,1.0,0.16,5.4,6.7,-1.4,-0.22,0.16,-0.78,35.0
Aïssa Laïdouni,MF,Tunisia,26,1996,3,3,1,0,0,243.0,81.0,90.0,2.7,81.0,1.33,1.0,1.0,0.0,0.0,1.8,2.6,-0.8,-0.28,0.0,-1.17,
Baba Rahman,DF,Ghana,28,1994,3,2,2,1,0,183.0,61.0,67.8,2.0,90.0,1.0,2.0,5.0,-3.0,-1.48,2.5,4.1,-1.6,-0.79,-2.51,-0.96,3.0
Badr Banoun,DF,Morocco,29,1993,3,0,0,3,4,54.0,18.0,8.2,0.6,,1.33,0.0,0.0,0.0,0.0,1.0,1.0,0.0,0.0,-0.15,0.12,18.0
Bailey Wright,DF,Australia,30,1992,1,0,0,1,3,17.0,17.0,4.7,0.2,,3.0,0.0,0.0,0.0,0.0,0.0,0.2,-0.2,-0.87,0.52,0.37,17.0
Bamba Dieng,FW,Senegal,22,2000,4,0,0,4,0,100.0,25.0,27.8,1.1,,1.5,1.0,4.0,-3.0,-2.7,1.2,1.1,0.0,0.04,-3.05,-0.3,25.0
Bartosz Bereszyński,DF,Poland,30,1992,4,4,3,0,0,341.0,85.0,94.7,3.8,85.0,1.0,3.0,5.0,-2.0,-0.53,4.5,6.6,-2.0,-0.54,-0.53,2.77,
Bassam Al-Rawi,DF,Qatar,25,1997,1,1,1,0,0,90.0,90.0,33.3,1.0,90.0,0.0,0.0,2.0,-2.0,-2.0,0.3,1.2,-0.9,-0.86,0.0,-0.23,
Bechir Ben Saïd,GK,Tunisia,30,1992,0,0,0,0,3,,,,,,,,,,,,,,,,,
Ben Cabango,DF,Wales,22,2000,0,0,0,0,3,,,,,,,,,,,,,,,,,
Ben Davies,DF,Wales,29,1993,3,3,2,0,0,238.0,79.0,88.1,2.6,79.0,0.33,1.0,5.0,-4.0,-1.51,2.5,3.4,-0.9,-0.34,1.3,2.41,
Ben White,DF,England,25,1997,0,0,0,0,2,,,,,,,,,,,,,,,,,
Benjamin Pavard,DF,France,26,1996,1,1,0,0,6,88.0,88.0,13.3,1.0,88.0,3.0,4.0,1.0,3.0,3.07,3.7,0.5,3.2,3.24,2.28,3.15,
Bernardo Silva,MF,Portugal,28,1994,5,4,2,1,0,356.0,71.0,79.1,4.0,87.0,1.8,10.0,4.0,6.0,1.52,6.4,5.0,1.4,0.36,1.52,0.54,9.0
Bilal El Khannous,MF,Morocco,18,2004,1,1,0,0,6,55.0,55.0,8.3,0.6,55.0,0.0,1.0,2.0,-1.0,-1.64,0.8,0.4,0.4,0.68,-1.93,0.86,
Bilel Ifa,DF,Tunisia,32,1990,0,0,0,0,3,,,,,,,,,,,,,,,,,
Borna Barišič,DF,Croatia,30,1992,1,1,1,0,6,120.0,120.0,17.4,1.3,120.0,1.0,1.0,1.0,0.0,0.0,1.4,1.2,0.2,0.24,-0.16,0.88,
Borna Sosa,DF,Croatia,24,1998,5,5,3,0,1,424.0,85.0,61.4,4.7,85.0,1.2,4.0,4.0,0.0,0.0,4.5,7.7,-3.2,-0.69,-0.34,-0.42,
Boualem Khoukhi,DF,Qatar,32,1990,3,3,3,0,0,270.0,90.0,100.0,3.0,90.0,0.0,1.0,7.0,-6.0,-2.0,1.4,3.5,-2.1,-0.71,,,
Boulaye Dia,FW,Senegal,26,1996,4,4,1,0,0,318.0,80.0,88.3,3.5,80.0,1.5,5.0,5.0,0.0,0.0,3.8,3.0,0.8,0.22,4.29,-0.3,
Brandon Aguilera,MF,Costa Rica,19,2003,3,1,0,2,0,90.0,30.0,33.3,1.0,45.0,1.0,1.0,4.0,-3.0,-3.0,0.3,2.5,-2.2,-2.21,-0.5,1.04,23.0
Breel Embolo,FW,Switzerland,25,1997,4,4,0,0,0,323.0,81.0,89.7,3.6,81.0,1.5,5.0,7.0,-2.0,-0.56,5.4,4.8,0.6,0.16,4.31,0.79,
Brenden Aaronson,MF,United States,22,2000,4,0,0,4,0,108.0,27.0,30.0,1.2,,1.25,1.0,2.0,-1.0,-0.83,0.9,2.7,-1.8,-1.51,-0.83,-2.05,27.0
Brennan Johnson,FW,Wales,21,2001,3,0,0,3,0,91.0,30.0,33.7,1.0,,0.33,1.0,5.0,-4.0,-3.96,1.4,2.3,-0.9,-0.89,-3.45,-0.4,30.0
Bruno Fernandes,FW,Portugal,28,1994,4,4,3,0,1,356.0,89.0,79.1,4.0,89.0,2.25,10.0,4.0,6.0,1.52,6.5,4.8,1.6,0.41,1.52,0.76,
Bruno Guimarães,MF,Brazil,25,1997,2,0,0,2,3,69.0,35.0,14.4,0.8,,1.5,1.0,1.0,0.0,0.0,1.8,0.3,1.5,1.92,-1.09,0.07,35.0
Bruno Petkovič,FW,Croatia,28,1994,6,1,0,5,1,234.0,39.0,33.9,2.6,61.0,1.5,4.0,3.0,1.0,0.38,3.2,4.9,-1.7,-0.76,0.38,-0.33,35.0
Bryan Mbeumo,FW,Cameroon,23,1999,3,3,1,0,0,233.0,78.0,86.3,2.6,78.0,1.33,3.0,4.0,-1.0,-0.39,3.1,4.2,-1.0,-0.42,-2.82,2.07,
Bryan Oviedo,DF,Costa Rica,32,1990,3,3,1,0,0,260.0,87.0,96.3,2.9,87.0,1.0,3.0,9.0,-6.0,-2.08,1.4,9.0,-7.5,-2.61,15.92,7.77,
Bryan Ruiz,MF,Costa Rica,37,1985,1,0,0,1,2,30.0,30.0,11.1,0.3,,0.0,0.0,3.0,-3.0,-9.0,0.0,0.9,-0.9,-2.57,-7.13,0.37,30.0
Bukayo Saka,FW,England,21,2001,4,4,0,0,1,288.0,72.0,64.0,3.2,72.0,1.75,8.0,3.0,5.0,1.56,3.9,2.4,1.5,0.46,-0.66,-1.31,
Callum Wilson,FW,England,30,1992,2,0,0,2,3,48.0,24.0,10.7,0.5,,3.0,2.0,1.0,1.0,1.87,1.9,1.2,0.7,1.28,0.08,0.4,24.0
Cameron Carter-Vickers,DF,United States,24,1997,1,1,1,0,3,90.0,90.0,25.0,1.0,90.0,3.0,1.0,0.0,1.0,1.0,1.2,0.4,0.7,0.75,1.67,1.1,
Cameron Devlin,MF,Australia,24,1998,0,0,0,0,4,,,,,,,,,,,,,,,,,
Carlos Gruezo,MF,Ecuador,27,1995,1,1,0,0,2,45.0,45.0,16.7,0.5,45.0,0.0,0.0,1.0,-1.0,-2.0,0.1,1.6,-1.5,-2.97,-2.8,-4.03,
Carlos Martínez,DF,Costa Rica,23,1999,1,1,0,0,2,45.0,45.0,16.7,0.5,45.0,0.0,0.0,3.0,-3.0,-6.0,0.0,2.5,-2.5,-4.95,-4.0,-2.46,
Carlos Soler,MF,Spain,25,1997,2,0,0,2,2,92.0,46.0,23.6,1.0,,2.0,3.0,0.0,3.0,2.93,1.6,0.5,1.1,1.61,2.03,1.16,46.0
Casemiro,MF,Brazil,30,1992,4,4,4,0,1,390.0,98.0,81.3,4.3,98.0,2.5,8.0,2.0,6.0,1.38,9.5,1.6,7.9,1.98,2.38,0.49,
Celso Borges,MF,Costa Rica,34,1988,3,3,1,0,0,249.0,83.0,92.2,2.8,83.0,1.0,3.0,8.0,-5.0,-1.81,1.4,9.4,-7.9,-2.86,11.05,0.44,
Charles De Ketelaere,FW,Belgium,21,2001,1,0,0,1,2,16.0,16.0,5.9,0.2,,0.0,0.0,1.0,-1.0,-5.63,0.0,0.4,-0.4,-2.4,-5.63,-2.6,16.0
Charly Rodríguez,MF,Mexico,25,1997,2,0,0,2,1,34.0,17.0,12.6,0.4,,2.0,0.0,1.0,-1.0,-2.65,0.5,0.8,-0.3,-0.79,-2.65,-1.25,17.0
Cheikhou Kouyaté,MF,Senegal,32,1989,1,1,0,0,0,72.0,72.0,20.0,0.8,72.0,0.0,0.0,0.0,0.0,0.0,0.5,0.3,0.2,0.19,0.62,-0.08,
Cho Guesung,FW,Korea Republic,24,1998,4,3,1,1,0,275.0,69.0,76.4,3.1,86.0,1.0,5.0,8.0,-3.0,-0.98,4.0,6.4,-2.4,-0.79,-0.98,-0.7,17.0
Cho Hyun-woo,GK,Korea Republic,31,1991,0,0,0,0,4,,,,,,,,,,,,,,,,,
Cho Yumin,FW,Korea Republic,26,1996,1,0,0,1,3,1.0,1.0,0.3,0.0,,3.0,0.0,0.0,0.0,0.0,0.0,0.0,0.0,0.0,0.75,0.63,1.0
Chris Gunter,DF,Wales,33,1989,0,0,0,0,3,,,,,,,,,,,,,,,,,
Chris Mepham,DF,Wales,25,1997,3,3,3,0,0,270.0,90.0,100.0,3.0,90.0,0.33,1.0,6.0,-5.0,-1.67,2.7,4.6,-1.9,-0.63,,,
Christian Bassogog,MF,Cameroon,27,1995,1,0,0,1,2,24.0,24.0,8.9,0.3,,1.0,0.0,0.0,0.0,0.0,0.1,0.4,-0.3,-1.27,0.0,-0.54,24.0
Christian Eriksen,MF,Denmark,30,1992,3,3,3,0,0,270.0,90.0,100.0,3.0,90.0,0.33,1.0,3.0,-2.0,-0.67,2.7,3.9,-1.2,-0.39,,,
Christian Fassnacht,FW,Switzerland,29,1993,1,0,0,1,3,8.0,8.0,2.2,0.1,,3.0,0.0,0.0,0.0,0.0,0.2,0.1,0.1,1.33,1.02,1.28,8.0
Christian Günter,DF,Germany,29,1993,0,0,0,0,3,,,,,,,,,,,,,,,,,
Christian Nørgaard,MF,Denmark,28,1994,1,0,0,1,2,6.0,6.0,2.2,0.1,,0.0,0.0,1.0,-1.0,-15.0,0.0,0.7,-0.7,-10.09,-14.66,-9.91,6.0
Christian Pulisic,FW,United States,24,1998,4,4,3,0,0,315.0,79.0,87.5,3.5,79.0,1.25,3.0,4.0,-1.0,-0.29,3.7,3.9,-0.2,-0.05,-0.29,0.15,
Christopher Wooh,DF,Cameroon,21,2001,1,1,1,0,2,90.0,90.0,33.3,1.0,90.0,3.0,1.0,0.0,1.0,1.0,0.5,2.5,-2.0,-1.99,1.5,-1.8,
Cody Gakpo,FW,Netherlands,23,1999,5,5,0,0,0,450.0,90.0,93.8,5.0,90.0,2.2,9.0,4.0,5.0,1.0,4.4,5.5,-1.1,-0.22,-2.0,0.94,
Collins Fai,DF,Cameroon,30,1992,3,3,3,0,0,270.0,90.0,100.0,3.0,90.0,1.33,4.0,4.0,0.0,0.0,3.4,5.8,-2.3,-0.78,,,
Connor Roberts,DF,Wales,27,1995,3,2,1,1,0,200.0,67.0,74.1,2.2,73.0,0.33,1.0,4.0,-3.0,-1.35,2.5,3.4,-0.9,-0.41,1.22,0.86,54.0
Conor Coady,DF,England,29,1993,0,0,0,0,5,,,,,,,,,,,,,,,,,
Conor Gallagher,MF,England,22,2000,0,0,0,0,5,,,,,,,,,,,,,,,,,
Craig Goodwin,MF,Australia,31,1991,4,3,0,1,0,234.0,59.0,65.0,2.6,67.0,1.5,3.0,4.0,-1.0,-0.38,1.8,5.6,-3.8,-1.46,0.33,-0.65,33.0
Cristian Roldan,FW,United States,27,1995,0,0,0,0,4,,,,,,,,,,,,,,,,,
Cristian Romero,DF,Argentina,24,1998,7,6,4,1,0,547.0,78.0,79.3,6.1,88.0,2.0,14.0,6.0,8.0,1.32,13.4,3.9,9.5,1.65,1.95,1.09,22.0
Cristiano Ronaldo,FW,Portugal,37,1985,5,3,0,2,0,290.0,58.0,64.4,3.2,77.0,1.8,6.0,2.0,4.0,1.24,4.2,3.2,1.0,0.3,0.12,0.14,29.0
Cyle Larin,FW,Canada,27,1995,3,2,0,1,0,137.0,46.0,50.7,1.5,52.0,0.0,2.0,4.0,-2.0,-1.31,1.1,1.7,-0.6,-0.39,0.72,-1.02,33.0
César Azpilicueta,DF,Spain,33,1989,2,2,1,0,2,135.0,68.0,34.6,1.5,68.0,1.5,8.0,0.0,8.0,5.33,4.3,0.1,4.1,2.77,6.04,3.27,
César Montes,DF,Mexico,25,1997,3,3,3,0,0,270.0,90.0,100.0,3.0,90.0,1.33,2.0,3.0,-1.0,-0.33,3.3,2.4,0.9,0.3,,,
Daichi Kamada,FW,Japan,26,1996,4,4,2,0,0,322.0,81.0,82.6,3.6,81.0,1.75,5.0,4.0,1.0,0.28,4.5,4.9,-0.4,-0.12,0.28,0.18,
Daizen Maeda,FW,Japan,25,1997,3,3,0,0,1,180.0,60.0,46.2,2.0,60.0,2.33,3.0,3.0,0.0,0.0,2.3,3.3,-1.0,-0.52,-0.43,-0.68,
Daley Blind,DF,Netherlands,32,1990,5,5,4,0,0,423.0,85.0,88.1,4.7,85.0,2.2,8.0,3.0,5.0,1.06,4.2,4.8,-0.7,-0.14,-0.52,1.11,
Damian Szymański,MF,Poland,27,1995,1,0,0,1,3,29.0,29.0,8.1,0.3,,0.0,0.0,1.0,-1.0,-3.1,0.0,1.1,-1.1,-3.4,-2.83,-2.95,29.0
Dani Alves,DF,Brazil,39,1983,2,1,1,1,3,118.0,59.0,24.6,1.3,90.0,1.5,0.0,2.0,-2.0,-1.53,2.7,0.7,2.1,1.58,-3.27,-0.37,28.0
Dani Carvajal,DF,Spain,30,1992,2,1,1,1,2,135.0,68.0,34.6,1.5,90.0,0.5,1.0,3.0,-2.0,-1.33,0.9,2.6,-1.7,-1.12,-4.16,-2.68,45.0
Dani Olmo,FW,Spain,24,1998,4,4,3,0,0,367.0,92.0,94.1,4.1,92.0,1.25,9.0,3.0,6.0,1.47,5.8,3.1,2.7,0.67,1.47,0.6,
Daniel Afriyie Barnieh,FW,Ghana,21,2001,0,0,0,0,3,,,,,,,,,,,,,,,,,
Daniel Amartey,DF,Ghana,27,1994,3,3,2,0,0,251.0,84.0,93.0,2.8,84.0,1.0,5.0,7.0,-2.0,-0.72,4.1,5.6,-1.4,-0.48,-0.72,,
Daniel Chacón,MF,Costa Rica,21,2001,1,0,0,1,2,1.0,1.0,0.4,0.0,,3.0,0.0,0.0,0.0,0.0,0.0,0.0,0.0,0.0,2.68,2.91,1.0
Daniel James,FW,Wales,25,1997,3,2,0,1,0,154.0,51.0,57.0,1.7,61.0,0.33,0.0,6.0,-6.0,-3.51,0.6,2.8,-2.2,-1.29,-4.28,-1.55,33.0
Daniel Kyereh,MF,Ghana,26,1996,3,0,0,3,0,33.0,11.0,12.2,0.4,,1.0,0.0,0.0,0.0,0.0,0.6,0.6,0.0,0.02,0.76,0.57,11.0
Daniel Schmidt,GK,Japan,30,1992,0,0,0,0,4,,,,,,,,,,,,,,,,,
Daniel Wass,DF,Denmark,33,1989,0,0,0,0,3,,,,,,,,,,,,,,,,,
Danilo,DF,Brazil,31,1991,3,3,2,0,0,281.0,94.0,58.5,3.1,94.0,2.33,7.0,1.0,6.0,1.92,8.2,1.2,7.0,2.52,2.37,1.39,
Danilo Pereira,DF,Portugal,31,1991,1,1,1,0,0,90.0,90.0,20.0,1.0,90.0,3.0,3.0,2.0,1.0,1.0,2.0,0.9,1.1,1.07,-0.25,1.03,
Danlad Ibrahim,GK,Ghana,20,2002,0,0,0,0,3,,,,,,,,,,,,,,,,,
Danny Vukovic,GK,Australia,37,1985,0,0,0,0,4,,,,,,,,,,,,,,,,,
Danny Ward,GK,Wales,29,1993,2,1,1,1,1,94.0,47.0,34.8,1.0,90.0,0.0,0.0,5.0,-5.0,-4.79,0.4,2.9,-2.5,-2.35,-4.79,-2.65,4.0
Darko Lazovič,DF,Serbia,32,1990,1,0,0,1,2,25.0,25.0,9.3,0.3,,0.0,0.0,1.0,-1.0,-3.6,0.2,0.5,-0.3,-1.18,-2.87,0.15,25.0
Darwin Núñez,FW,Uruguay,23,1999,3,3,1,0,0,240.0,80.0,88.9,2.7,80.0,1.33,2.0,1.0,1.0,0.37,3.0,2.0,1.1,0.4,3.37,3.17,
David Raum,DF,Germany,24,1998,3,3,1,0,0,242.0,81.0,89.6,2.7,81.0,1.33,3.0,4.0,-1.0,-0.37,6.6,2.9,3.7,1.39,-6.8,-8.01,
David Raya,FW,Spain,27,1995,0,0,0,0,4,,,,,,,,,,,,,,,,,
David Wotherspoon,MF,Canada,32,1990,1,0,0,1,2,15.0,15.0,5.6,0.2,,0.0,0.0,0.0,0.0,0.0,0.0,0.0,0.0,0.0,1.76,-0.12,15.0
Davy Klaassen,MF,Netherlands,29,1993,4,3,0,1,1,190.0,48.0,39.6,2.1,59.0,2.5,7.0,1.0,6.0,2.84,2.4,2.4,0.0,-0.01,2.84,0.43,12.0
Dayne St. Clair,GK,Canada,25,1997,0,0,0,0,3,,,,,,,,,,,,,,,,,
Dayot Upamecano,DF,France,24,1998,5,5,5,0,2,480.0,96.0,72.7,5.3,96.0,2.6,14.0,7.0,7.0,1.31,10.9,8.6,2.3,0.46,0.81,-0.15,
DeAndre Yedlin,DF,United States,29,1993,2,0,0,2,2,33.0,17.0,9.2,0.4,,0.5,1.0,2.0,-1.0,-2.73,0.5,1.6,-1.1,-3.03,-2.73,-3.25,17.0
Declan Rice,MF,England,23,1999,5,5,4,0,0,417.0,83.0,92.7,4.6,83.0,2.0,12.0,4.0,8.0,1.73,7.5,3.8,3.6,0.79,-1.0,-1.88,
Dejan Lovren,DF,Croatia,33,1989,6,6,6,0,1,600.0,100.0,87.0,6.7,100.0,1.17,6.0,6.0,0.0,0.0,6.4,9.9,-3.5,-0.58,-1.0,-0.26,
Denis Odoi,DF,Ghana,34,1988,1,0,0,1,2,13.0,13.0,4.8,0.1,,3.0,0.0,0.0,0.0,0.0,0.0,0.4,-0.4,-2.64,0.7,-2.27,13.0
Denis Zakaria,MF,Switzerland,26,1996,2,0,0,2,2,59.0,30.0,16.4,0.7,,1.5,1.0,3.0,-2.0,-3.05,1.1,0.9,0.3,0.44,-2.45,0.43,30.0
Denzel Dumfries,DF,Netherlands,26,1996,5,5,4,0,0,479.0,96.0,99.8,5.3,96.0,2.2,10.0,4.0,6.0,1.13,4.6,6.1,-1.5,-0.29,1.13,-0.29,
Derek Cornelius,DF,Canada,25,1997,0,0,0,0,3,,,,,,,,,,,,,,,,,
Devis Epassy,GK,Cameroon,29,1993,2,2,2,0,1,180.0,90.0,66.7,2.0,90.0,2.0,4.0,3.0,1.0,0.5,2.7,4.3,-1.6,-0.82,1.5,-0.12,
Diego Godín,DF,Uruguay,36,1986,2,2,1,0,1,151.0,76.0,55.9,1.7,76.0,0.5,0.0,1.0,-1.0,-0.6,1.3,1.0,0.4,0.23,-1.35,0.4,
Diego Palacios,DF,Ecuador,23,1999,0,0,0,0,3,,,,,,,,,,,,,,,,,
Diogo Costa,GK,Portugal,23,1999,5,5,5,0,0,450.0,90.0,100.0,5.0,90.0,1.8,12.0,6.0,6.0,1.2,7.8,6.5,1.3,0.25,,,
Diogo Dalot,DF,Portugal,23,1999,3,3,2,0,2,258.0,86.0,57.3,2.9,86.0,1.0,7.0,4.0,3.0,1.05,4.2,3.8,0.5,0.16,-0.36,-0.21,
Djibril Sow,MF,Switzerland,25,1997,4,4,0,0,0,264.0,66.0,73.3,2.9,66.0,1.5,4.0,5.0,-1.0,-0.34,4.3,4.1,0.1,0.04,2.47,-0.14,
Djorkaeff Reasco,FW,Ecuador,23,1999,1,0,0,1,2,27.0,27.0,10.0,0.3,,0.0,1.0,1.0,0.0,0.0,0.7,0.6,0.1,0.49,-0.37,0.11,27.0
Domagoj Vida,DF,Croatia,33,1989,0,0,0,0,6,,,,,,,,,,,,,,,,,
Dominik Livakovič,GK,Croatia,27,1995,7,7,7,0,0,690.0,99.0,100.0,7.7,99.0,1.43,8.0,7.0,1.0,0.13,7.0,11.0,-4.0,-0.58,,-0.58,
Douglas López,MF,Costa Rica,24,1998,0,0,0,0,3,,,,,,,,,,,,,,,,,
Dries Mertens,MF,Belgium,35,1987,2,1,0,1,1,76.0,38.0,28.1,0.8,45.0,0.5,0.0,2.0,-2.0,-2.37,1.0,1.6,-0.6,-0.75,-2.83,-1.12,31.0
Dušan Tadič,MF,Serbia,34,1988,3,3,2,0,0,257.0,86.0,95.2,2.9,86.0,0.33,5.0,8.0,-3.0,-1.05,3.3,7.0,-3.8,-1.32,-1.05,-0.16,
Dušan Vlahovič,FW,Serbia,22,2000,2,1,0,1,1,79.0,40.0,29.3,0.9,54.0,0.0,2.0,4.0,-2.0,-2.28,1.2,2.1,-0.9,-0.98,-1.81,0.47,25.0
Dylan Bronn,DF,Tunisia,27,1995,2,2,1,0,1,162.0,81.0,60.0,1.8,81.0,0.5,0.0,1.0,-1.0,-0.56,1.4,2.0,-0.6,-0.32,-1.39,-0.38,
Dylan Levitt,MF,Wales,22,2000,0,0,0,0,3,,,,,,,,,,,,,,,,,
Eden Hazard,MF,Belgium,31,1991,3,2,0,1,0,124.0,41.0,45.9,1.4,60.0,1.33,1.0,0.0,1.0,0.73,1.7,2.2,-0.5,-0.36,1.96,-0.77,4.0
Ederson,GK,Brazil,29,1993,1,1,1,0,4,90.0,90.0,18.8,1.0,90.0,0.0,0.0,1.0,-1.0,-1.0,2.5,0.5,2.0,1.99,-2.38,0.16,
Edimilson Fernandes,FW,Switzerland,26,1996,3,1,1,2,1,145.0,48.0,40.3,1.6,90.0,1.0,1.0,7.0,-6.0,-3.72,1.6,2.9,-1.3,-0.8,-4.56,-1.47,28.0
Edinson Cavani,FW,Uruguay,35,1987,3,1,0,2,0,124.0,41.0,45.9,1.4,72.0,1.33,0.0,1.0,-1.0,-0.73,1.3,1.1,0.2,0.15,-1.34,0.19,26.0
Edouard Mendy,GK,Senegal,30,1992,4,4,4,0,0,360.0,90.0,100.0,4.0,90.0,1.5,5.0,7.0,-2.0,-0.5,4.6,3.5,1.0,0.26,,,
Edson Álvarez,MF,Mexico,25,1997,2,2,1,0,1,175.0,88.0,64.8,1.9,88.0,2.0,2.0,0.0,2.0,1.03,2.9,1.4,1.4,0.74,3.87,1.25,
Eduardo Camavinga,DF,France,20,2002,2,1,1,1,5,140.0,70.0,21.2,1.6,90.0,0.5,3.0,2.0,1.0,0.64,2.9,2.1,0.8,0.67,-0.57,0.2,50.0
Ehsan Hajsafi,MF,IR Iran,32,1990,3,3,1,0,0,237.0,79.0,87.8,2.6,79.0,1.0,2.0,7.0,-5.0,-1.9,2.5,3.8,-1.3,-0.49,-7.35,-1.46,
Eiji Kawashima,GK,Japan,39,1983,0,0,0,0,4,,,,,,,,,,,,,,,,,
Elisha Owusu,MF,Ghana,25,1997,0,0,0,0,3,,,,,,,,,,,,,,,,,
Ellyes Skhiri,MF,Tunisia,27,1995,3,3,3,0,0,270.0,90.0,100.0,3.0,90.0,1.33,1.0,1.0,0.0,0.0,2.3,2.8,-0.5,-0.17,,,
Emiliano Martínez,GK,Argentina,30,1992,7,7,7,0,0,690.0,99.0,100.0,7.7,99.0,2.0,15.0,8.0,7.0,0.91,15.2,4.6,10.6,1.51,,1.51,
Enner Valencia,FW,Ecuador,33,1989,3,3,1,0,0,255.0,85.0,94.4,2.8,85.0,1.33,4.0,3.0,1.0,0.35,3.6,2.5,1.1,0.38,0.35,-0.2,
Enzo Ebosse,DF,Cameroon,23,1999,1,1,1,0,2,90.0,90.0,33.3,1.0,90.0,3.0,1.0,0.0,1.0,1.0,0.5,2.5,-2.0,-1.99,1.5,-1.8,
Enzo Fernández,MF,Argentina,21,2001,7,5,4,2,0,564.0,81.0,81.7,6.3,100.0,2.0,14.0,6.0,8.0,1.28,13.5,4.2,9.3,1.66,1.99,1.06,33.0
Eray Cömert,DF,Switzerland,24,1998,2,0,0,2,2,46.0,23.0,12.8,0.5,,1.5,1.0,4.0,-3.0,-5.87,1.0,1.3,-0.2,-0.46,-5.58,-0.61,23.0
Eric Dier,DF,England,28,1994,2,0,0,2,3,36.0,18.0,8.0,0.4,,3.0,2.0,1.0,1.0,2.5,1.3,1.2,0.0,0.09,0.76,-0.91,18.0
Eric García,DF,Spain,21,2001,0,0,0,0,4,,,,,,,,,,,,,,,,,
Eric Maxim Choupo-Moting,FW,Cameroon,33,1989,3,3,2,0,0,253.0,84.0,93.7,2.8,84.0,1.33,4.0,4.0,0.0,0.0,3.4,5.5,-2.1,-0.75,0.0,0.5,
Erick Gutiérrez,MF,Mexico,27,1995,1,0,0,1,2,49.0,49.0,18.1,0.5,,0.0,0.0,2.0,-2.0,-3.67,0.1,0.2,-0.2,-0.29,-4.08,-0.72,49.0
Esteban Alvarado,GK,Costa Rica,33,1989,0,0,0,0,3,,,,,,,,,,,,,,,,,
Ethan Ampadu,MF,Wales,22,2000,3,3,1,0,0,255.0,85.0,94.4,2.8,85.0,0.33,1.0,4.0,-3.0,-1.06,2.5,4.1,-1.6,-0.57,10.94,1.0,
Ethan Horvath,GK,United States,27,1995,0,0,0,0,4,,,,,,,,,,,,,,,,,
Everton Ribeiro,MF,Brazil,33,1989,1,0,0,1,4,36.0,36.0,7.5,0.4,,0.0,0.0,1.0,-1.0,-2.5,1.3,0.2,1.1,2.77,-3.72,0.98,36.0
Exequiel Palacios,MF,Argentina,24,1998,3,0,0,3,4,50.0,17.0,7.2,0.6,,3.0,1.0,0.0,1.0,1.8,1.2,0.6,0.6,1.05,0.96,-0.36,17.0
Fabian Frei,MF,Switzerland,33,1989,2,0,0,2,2,25.0,13.0,6.9,0.3,,1.5,0.0,0.0,0.0,0.0,0.2,0.3,0.0,-0.13,1.07,-0.22,13.0
Fabian Rieder,FW,Switzerland,20,2002,2,1,0,1,2,68.0,34.0,18.9,0.8,58.0,1.5,0.0,0.0,0.0,0.0,0.4,0.5,-0.1,-0.16,1.23,-0.29,10.0
Fabian Schär,DF,Switzerland,30,1991,2,2,1,0,2,135.0,68.0,37.5,1.5,68.0,1.5,3.0,4.0,-1.0,-0.67,3.1,2.3,0.8,0.51,0.53,0.68,
Fabinho,MF,Brazil,29,1993,1,1,1,0,4,90.0,90.0,18.8,1.0,90.0,0.0,0.0,1.0,-1.0,-1.0,2.5,0.5,2.0,1.99,-2.38,0.16,
Facundo Pellistri,MF,Uruguay,20,2001,3,2,0,1,0,181.0,60.0,67.0,2.0,76.0,1.33,2.0,1.0,1.0,0.5,2.7,2.5,0.2,0.09,1.51,0.13,29.0
Facundo Torres,FW,Uruguay,22,2000,0,0,0,0,3,,,,,,,,,,,,,,,,,
Famara Diedhiou,FW,Senegal,30,1992,2,1,0,1,2,92.0,46.0,25.6,1.0,73.0,1.5,2.0,0.0,2.0,1.96,0.8,0.9,-0.1,-0.13,3.3,-0.52,19.0
Federico Valverde,MF,Uruguay,24,1998,3,3,3,0,0,270.0,90.0,100.0,3.0,90.0,1.33,2.0,2.0,0.0,0.0,3.7,3.5,0.1,0.05,,,
Ferjani Sassi,MF,Tunisia,30,1992,2,0,0,2,1,48.0,24.0,17.8,0.5,,0.5,0.0,0.0,0.0,0.0,0.6,0.3,0.3,0.51,0.0,0.82,24.0
Fernando Muslera,GK,Uruguay,36,1986,0,0,0,0,3,,,,,,,,,,,,,,,,,
Ferrán Torres,FW,Spain,22,2000,4,3,0,1,0,217.0,54.0,55.6,2.4,61.0,1.25,4.0,0.0,4.0,1.66,3.4,0.6,2.7,1.13,0.62,1.12,34.0
Filip Kostič,DF,Serbia,30,1992,2,2,1,0,1,179.0,90.0,66.3,2.0,90.0,0.5,5.0,6.0,-1.0,-0.5,3.2,4.9,-1.7,-0.86,1.48,1.36,
Filip Mladenovič,DF,Serbia,31,1991,1,1,0,0,2,65.0,65.0,24.1,0.7,65.0,0.0,0.0,1.0,-1.0,-1.38,0.0,1.9,-1.9,-2.64,-0.51,-1.75,
Filip Đuričič,MF,Serbia,30,1992,2,0,0,2,1,14.0,7.0,5.2,0.2,,0.5,0.0,0.0,0.0,0.0,0.1,0.3,-0.2,-1.12,1.05,0.21,7.0
Firas Al-Buraikan,MF,Saudi Arabia,22,2000,3,3,2,0,0,268.0,89.0,99.3,3.0,89.0,1.0,3.0,5.0,-2.0,-0.67,3.0,5.9,-3.0,-0.99,-0.67,2.19,
Fodé Ballo-Touré,DF,Senegal,25,1997,1,0,0,1,1,7.0,7.0,1.9,0.1,,0.0,0.0,0.0,0.0,0.0,0.1,0.2,-0.1,-1.09,0.51,-1.37,7.0
Formose Mendy,DF,Senegal,21,2001,0,0,0,0,4,,,,,,,,,,,,,,,,,
Fran Karačič,DF,Australia,26,1996,2,1,0,1,2,93.0,47.0,25.8,1.0,74.0,1.5,2.0,0.0,2.0,1.94,1.1,1.6,-0.4,-0.41,3.28,1.1,19.0
Francisco Calvo,DF,Costa Rica,30,1992,2,2,2,0,0,180.0,90.0,66.7,2.0,90.0,1.5,1.0,7.0,-6.0,-3.0,0.1,4.4,-4.3,-2.15,-1.0,2.25,
Franco Armani,GK,Argentina,36,1986,0,0,0,0,7,,,,,,,,,,,,,,,,,
Fred,MF,Brazil,29,1993,4,2,0,2,1,142.0,36.0,29.6,1.6,56.0,1.75,0.0,1.0,-1.0,-0.63,2.1,0.6,1.5,1.05,-2.23,-1.1,16.0
Frederik Rønnow,GK,Denmark,30,1992,0,0,0,0,3,,,,,,,,,,,,,,,,,
Frenkie de Jong,MF,Netherlands,25,1997,5,5,4,0,0,475.0,95.0,99.0,5.3,95.0,2.2,10.0,4.0,6.0,1.14,4.6,6.0,-1.5,-0.3,1.14,-0.31,
Félix Torres Caicedo,DF,Ecuador,25,1997,3,3,3,0,0,270.0,90.0,100.0,3.0,90.0,1.33,4.0,3.0,1.0,0.33,3.7,2.6,1.2,0.39,,,
Gabriel Jesus,FW,Brazil,25,1997,3,1,0,2,0,93.0,31.0,19.4,1.0,63.0,2.0,1.0,0.0,1.0,0.97,1.8,0.3,1.5,1.49,0.04,-0.46,15.0
Gaku Shibasaki,MF,Japan,30,1992,0,0,0,0,4,,,,,,,,,,,,,,,,,
Garang Kuol,FW,Australia,18,2004,2,0,0,2,2,37.0,19.0,10.3,0.4,,0.0,1.0,0.0,1.0,2.43,0.5,1.3,-0.7,-1.81,3.27,-0.65,19.0
Gareth Bale,FW,Wales,33,1989,3,3,2,0,0,225.0,75.0,83.3,2.5,75.0,0.33,1.0,3.0,-2.0,-0.8,2.5,3.1,-0.6,-0.24,5.2,2.34,
Gavi,MF,Spain,18,2004,4,4,1,0,0,284.0,71.0,72.8,3.2,71.0,1.25,9.0,2.0,7.0,2.22,5.1,1.6,3.5,1.11,3.07,1.76,
Gaël Ondoua,MF,Cameroon,27,1995,2,0,0,2,1,47.0,24.0,17.4,0.5,,0.5,0.0,0.0,0.0,0.0,0.1,0.6,-0.6,-1.1,0.0,-0.39,24.0
Georges-Kévin N'Koudou,FW,Cameroon,27,1995,2,0,0,2,1,27.0,14.0,10.0,0.3,,0.5,0.0,0.0,0.0,0.0,0.1,0.4,-0.3,-1.06,0.0,-0.31,14.0
Gerardo Arteaga,DF,Mexico,24,1998,0,0,0,0,3,,,,,,,,,,,,,,,,,
Germán Pezzella,DF,Argentina,31,1991,3,0,0,3,4,60.0,20.0,8.7,0.7,,1.67,0.0,3.0,-3.0,-4.5,1.2,1.5,-0.4,-1.3,-5.93,-2.78,20.0
Gerson Torres,MF,Costa Rica,25,1997,1,1,0,0,2,64.0,64.0,23.7,0.7,64.0,3.0,0.0,0.0,0.0,0.0,0.0,0.5,-0.4,-0.61,3.5,2.99,
Gerónimo Rulli,GK,Argentina,30,1992,0,0,0,0,7,,,,,,,,,,,,,,,,,
Ghaylène Chaalali,MF,Tunisia,28,1994,1,0,0,1,2,17.0,17.0,6.3,0.2,,3.0,0.0,0.0,0.0,0.0,0.0,0.6,-0.6,-3.19,0.0,-3.22,17.0
Gideon Mensah,DF,Ghana,24,1998,1,1,0,0,2,87.0,87.0,32.2,1.0,87.0,3.0,3.0,2.0,1.0,1.03,1.6,1.5,0.2,0.17,2.51,0.96,
Gio Reyna,FW,United States,20,2002,2,0,0,2,2,53.0,27.0,14.7,0.6,,0.5,1.0,1.0,0.0,0.0,1.0,1.5,-0.5,-0.9,0.29,-0.96,27.0
Giorgian De Arrascaeta,MF,Uruguay,28,1994,2,1,0,1,1,108.0,54.0,40.0,1.2,79.0,1.5,2.0,1.0,1.0,0.83,2.2,2.0,0.2,0.13,1.39,0.13,29.0
Gleison Bremer,DF,Brazil,25,1997,2,1,1,1,3,109.0,55.0,22.7,1.2,90.0,1.5,0.0,2.0,-2.0,-1.65,2.7,0.6,2.2,1.78,-3.35,-0.11,19.0
Gonzalo Montiel,DF,Argentina,25,1997,4,1,0,3,2,118.0,30.0,17.1,1.3,62.0,2.0,1.0,1.0,0.0,0.0,2.9,1.9,1.0,1.19,-1.1,-0.21,19.0
Gonzalo Plata,MF,Ecuador,22,2000,3,3,2,0,0,269.0,90.0,99.6,3.0,90.0,1.33,4.0,3.0,1.0,0.33,3.7,2.6,1.1,0.37,0.33,-5.44,
Gonçalo Ramos,FW,Portugal,21,2001,4,2,0,2,1,152.0,38.0,33.8,1.7,70.0,2.25,6.0,3.0,3.0,1.78,3.7,2.4,1.3,0.76,0.87,0.76,6.0
Granit Xhaka,MF,Switzerland,30,1992,4,4,4,0,0,360.0,90.0,100.0,4.0,90.0,1.5,5.0,9.0,-4.0,-1.0,5.6,5.3,0.3,0.08,,,
Gregor Kobel,GK,Switzerland,25,1997,1,1,1,0,3,90.0,90.0,25.0,1.0,90.0,3.0,3.0,2.0,1.0,1.0,2.7,1.3,1.4,1.37,2.67,1.73,
Grzegorz Krychowiak,MF,Poland,32,1990,4,4,2,0,0,332.0,83.0,92.2,3.7,83.0,1.0,2.0,3.0,-1.0,-0.27,3.5,6.5,-3.0,-0.81,2.94,-1.62,
Guido Rodríguez,MF,Argentina,28,1994,1,1,0,0,6,56.0,56.0,8.1,0.6,56.0,3.0,0.0,0.0,0.0,0.0,0.2,0.3,-0.1,-0.16,-0.99,-1.67,
Guillermo Ochoa,GK,Mexico,37,1985,3,3,3,0,0,270.0,90.0,100.0,3.0,90.0,1.33,2.0,3.0,-1.0,-0.33,3.3,2.4,0.9,0.3,,,
Guillermo Varela,DF,Uruguay,29,1993,3,2,2,1,0,183.0,61.0,67.8,2.0,90.0,1.33,2.0,2.0,0.0,0.0,3.1,3.0,0.2,0.08,0.0,0.08,3.0
Haji Wright,FW,United States,24,1998,4,1,0,3,0,137.0,34.0,38.1,1.5,82.0,1.25,1.0,2.0,-1.0,-0.66,1.4,2.8,-1.4,-0.94,-0.66,-1.4,18.0
Hakim Ziyech,FW,Morocco,29,1993,7,7,5,0,0,635.0,91.0,96.2,7.1,91.0,1.57,6.0,5.0,1.0,0.14,6.0,7.2,-1.1,-0.17,0.14,-0.72,
Hannibal Mejbri,MF,Tunisia,19,2003,1,0,0,1,2,11.0,11.0,4.1,0.1,,1.0,0.0,0.0,0.0,0.0,0.0,0.2,-0.2,-1.46,0.0,-1.35,11.0
Hans Vanaken,MF,Belgium,30,1992,0,0,0,0,3,,,,,,,,,,,,,,,,,
Haris Seferovič,FW,Switzerland,30,1992,3,0,0,3,1,71.0,24.0,19.7,0.8,,1.0,1.0,4.0,-3.0,-3.8,1.1,1.0,0.1,0.06,-3.49,-0.02,24.0
Harry Kane,FW,England,29,1993,5,5,3,0,0,402.0,80.0,89.3,4.5,80.0,2.0,11.0,3.0,8.0,1.79,6.8,2.8,3.9,0.88,-0.08,-0.4,
Harry Maguire,DF,England,29,1993,5,5,4,0,0,429.0,86.0,95.3,4.8,86.0,2.0,11.0,3.0,8.0,1.68,7.6,3.0,4.5,0.95,-2.61,0.64,
Harry Souttar,DF,Australia,24,1998,4,4,4,0,0,360.0,90.0,100.0,4.0,90.0,1.5,4.0,6.0,-2.0,-0.5,2.3,7.2,-4.9,-1.23,,,
Harry Wilson,MF,Wales,25,1997,3,2,0,1,0,160.0,53.0,59.3,1.8,73.0,0.33,1.0,1.0,0.0,0.0,2.3,2.4,-0.2,-0.09,4.09,1.31,14.0
Hassan Al Tambakti,DF,Saudi Arabia,23,1999,2,2,2,0,1,180.0,90.0,66.7,2.0,90.0,1.5,3.0,3.0,0.0,0.0,1.3,4.5,-3.2,-1.6,2.0,-1.76,
Hassan Al-Haydos,MF,Qatar,32,1990,3,3,0,0,0,206.0,69.0,76.3,2.3,69.0,0.0,0.0,6.0,-6.0,-2.62,1.1,3.2,-2.1,-0.94,-2.62,-0.96,
Hattan Bahebri,MF,Saudi Arabia,30,1992,2,0,0,2,1,4.0,2.0,1.5,0.0,,0.0,1.0,0.0,1.0,22.5,0.7,0.2,0.5,11.39,23.52,12.59,2.0
Henry Martín,FW,Mexico,30,1992,2,2,0,0,1,146.0,73.0,54.1,1.6,73.0,2.0,2.0,0.0,2.0,1.23,2.5,1.3,1.3,0.77,3.41,1.03,
Hernán Galíndez,GK,Ecuador,35,1987,3,3,3,0,0,270.0,90.0,100.0,3.0,90.0,1.33,4.0,3.0,1.0,0.33,3.7,2.6,1.2,0.39,,,
Hidemasa Morita,MF,Japan,27,1995,3,3,2,0,1,285.0,95.0,73.1,3.2,95.0,1.33,3.0,3.0,0.0,0.0,3.5,2.4,1.2,0.37,-0.86,1.94,
Hiroki Ito,DF,Japan,23,1999,1,0,0,1,3,45.0,45.0,11.5,0.5,,0.0,0.0,1.0,-1.0,-2.0,0.8,0.1,0.8,1.55,-2.52,1.93,45.0
Hiroki Sakai,MF,Japan,32,1990,2,1,0,1,2,119.0,60.0,30.5,1.3,73.0,2.0,0.0,1.0,-1.0,-0.76,1.2,3.0,-1.8,-1.87,-1.42,-2.22,46.0
Hirving Lozano,FW,Mexico,27,1995,3,3,2,0,0,252.0,84.0,93.3,2.8,84.0,1.33,2.0,2.0,0.0,0.0,3.3,2.3,0.9,0.34,5.0,0.55,
Homam Ahmed,DF,Qatar,23,1999,3,3,2,0,0,262.0,87.0,97.0,2.9,87.0,0.0,1.0,6.0,-5.0,-1.72,1.3,3.3,-2.1,-0.72,9.53,-0.22,
Hong Chul,DF,Korea Republic,32,1990,1,0,0,1,3,45.0,45.0,12.5,0.5,,0.0,1.0,0.0,1.0,2.0,0.3,0.8,-0.5,-1.06,3.14,-0.49,45.0
Hossein Hosseini,GK,IR Iran,30,1992,2,1,1,1,1,161.0,81.0,59.6,1.8,90.0,1.5,4.0,6.0,-2.0,-1.12,2.8,2.9,-0.1,-0.05,-0.29,0.66,71.0
Hossein Kanaanizadegan,DF,IR Iran,28,1994,1,0,0,1,1,45.0,45.0,16.7,0.5,,0.0,2.0,4.0,-2.0,-4.0,1.2,1.3,-0.1,-0.17,-3.6,0.18,45.0
Hugo Guillamón,DF,Spain,22,2000,0,0,0,0,4,,,,,,,,,,,,,,,,,
Hugo Lloris,GK,France,35,1986,6,6,6,0,1,570.0,95.0,86.4,6.3,95.0,2.67,16.0,7.0,9.0,1.42,13.0,9.6,3.4,0.57,2.42,0.34,
Hwang Hee-chan,MF,Korea Republic,26,1996,2,1,1,1,2,115.0,58.0,31.9,1.3,90.0,1.5,2.0,4.0,-2.0,-1.57,1.4,3.7,-2.3,-1.78,-1.2,-1.7,25.0
Hwang In-beom,MF,Korea Republic,26,1996,4,4,3,0,0,334.0,84.0,92.8,3.7,84.0,1.0,4.0,8.0,-4.0,-1.08,4.4,6.8,-2.4,-0.66,-4.54,-0.36,
Hwang Ui-jo,FW,Korea Republic,30,1992,4,1,0,3,0,106.0,27.0,29.4,1.2,73.0,1.0,1.0,0.0,1.0,0.85,1.7,0.7,0.9,0.78,2.27,2.0,11.0
Héctor Herrera,MF,Mexico,32,1990,2,2,1,0,1,160.0,80.0,59.3,1.8,80.0,0.5,0.0,2.0,-2.0,-1.13,0.9,1.2,-0.2,-0.14,-1.94,-1.07,
Héctor Moreno,DF,Mexico,34,1988,3,3,3,0,0,270.0,90.0,100.0,3.0,90.0,1.33,2.0,3.0,-1.0,-0.33,3.3,2.4,0.9,0.3,,,
Ibrahima Konaté,DF,France,23,1999,5,3,3,2,2,294.0,59.0,44.5,3.3,90.0,2.0,8.0,2.0,6.0,1.84,9.0,2.3,6.6,2.09,1.34,2.79,12.0
Idrissa Gana Gueye,MF,Senegal,33,1989,3,3,3,0,0,270.0,90.0,75.0,3.0,90.0,2.0,5.0,4.0,1.0,0.33,3.8,2.5,1.3,0.43,3.33,0.67,
Ike Ugbo,FW,Canada,24,1998,0,0,0,0,3,,,,,,,,,,,,,,,,,
Ilias Chair,MF,Morocco,25,1997,1,0,0,1,6,45.0,45.0,6.8,0.5,,0.0,0.0,0.0,0.0,0.0,0.4,0.3,0.1,0.16,-0.15,0.29,45.0
Iliman Ndiaye,FW,Senegal,22,2000,3,2,0,1,1,135.0,45.0,37.5,1.5,60.0,2.0,3.0,4.0,-1.0,-0.67,2.7,1.6,1.1,0.75,-0.27,0.79,16.0
Ismail Jakobs,DF,Senegal,23,1999,4,3,1,1,0,278.0,70.0,77.2,3.1,83.0,1.5,4.0,6.0,-2.0,-0.65,3.9,2.7,1.2,0.38,-0.65,0.52,29.0
Ismail Mohamad,FW,Qatar,32,1990,2,2,1,0,1,174.0,87.0,64.4,1.9,87.0,0.0,1.0,5.0,-4.0,-2.07,,,,,-0.19,,
Ismaila Sarr,FW,Senegal,24,1998,4,4,3,0,0,344.0,86.0,95.6,3.8,86.0,1.5,4.0,6.0,-2.0,-0.52,4.3,3.3,1.0,0.27,-0.52,0.3,
Ismaël Koné,MF,Canada,20,2002,3,0,0,3,0,109.0,36.0,40.4,1.2,,0.0,0.0,2.0,-2.0,-1.65,1.5,2.0,-0.5,-0.41,0.03,-0.87,36.0
Issam Jebali,FW,Tunisia,30,1991,3,2,0,1,0,182.0,61.0,67.4,2.0,76.0,1.33,0.0,1.0,-1.0,-0.49,1.4,2.4,-1.0,-0.49,-1.52,-1.0,31.0
Ivan Ilič,MF,Serbia,21,2001,1,0,0,1,2,34.0,34.0,12.6,0.4,,0.0,0.0,2.0,-2.0,-5.29,0.2,1.4,-1.2,-3.18,-4.91,-2.13,34.0
Ivan Perišič,FW,Croatia,33,1989,7,7,4,0,0,669.0,96.0,97.0,7.4,96.0,1.43,7.0,7.0,0.0,0.0,6.2,11.0,-4.8,-0.68,-4.29,-2.07,
Ivica Ivušič,GK,Croatia,27,1995,0,0,0,0,7,,,,,,,,,,,,,,,,,
Ivo Grbič,GK,Croatia,26,1996,0,0,0,0,7,,,,,,,,,,,,,,,,,
Iñaki Williams,FW,Ghana,28,1994,3,3,3,0,0,270.0,90.0,100.0,3.0,90.0,1.0,5.0,7.0,-2.0,-0.67,3.5,5.4,-1.8,-0.66,,-2.61,
Jack Grealish,FW,England,27,1995,5,0,0,5,0,86.0,17.0,19.1,1.0,,2.0,2.0,1.0,1.0,1.05,2.5,1.4,1.1,1.16,-0.93,0.28,17.0
Jackson Irvine,MF,Australia,29,1993,4,4,3,0,0,354.0,89.0,98.3,3.9,89.0,1.5,4.0,6.0,-2.0,-0.51,2.3,6.9,-4.6,-1.17,-0.51,3.76,
Jackson Porozo,DF,Ecuador,22,2000,2,1,1,1,1,96.0,48.0,35.6,1.1,90.0,0.5,1.0,1.0,0.0,0.0,1.8,0.1,1.6,1.55,-0.52,1.79,6.0
Jakub Kamiński,MF,Poland,20,2002,4,2,1,2,0,233.0,58.0,64.7,2.6,80.0,1.0,1.0,3.0,-2.0,-0.77,3.0,3.8,-0.8,-0.31,-0.77,1.07,37.0
Jakub Kiwior,DF,Poland,22,2000,4,4,3,0,0,355.0,89.0,98.6,3.9,89.0,1.0,2.0,4.0,-2.0,-0.51,3.6,7.3,-3.7,-0.93,-0.51,-21.53,
Jamal Musiala,MF,Germany,19,2003,3,3,2,0,0,258.0,86.0,95.6,2.9,86.0,1.33,6.0,4.0,2.0,0.7,9.5,3.3,6.2,2.17,8.2,-1.02,
James Maddison,FW,England,26,1996,0,0,0,0,3,,,,,,,,,,,,,,,,,
James Pantemis,GK,Canada,25,1997,0,0,0,0,3,,,,,,,,,,,,,,,,,
Jamie Maclaren,FW,Australia,29,1993,3,0,0,3,1,55.0,18.0,15.3,0.6,,2.0,1.0,0.0,1.0,1.64,0.6,1.6,-1.0,-1.55,2.52,-0.39,18.0
Jan Bednarek,DF,Poland,26,1996,1,0,0,1,3,5.0,5.0,1.4,0.1,,0.0,1.0,1.0,0.0,0.0,1.0,0.0,0.9,20.6,0.51,21.53,5.0
Jan Vertonghen,DF,Belgium,35,1987,3,3,3,0,0,270.0,90.0,100.0,3.0,90.0,1.33,1.0,2.0,-1.0,-0.33,4.7,4.6,0.2,0.05,,,
Jason Cummings,FW,Australia,27,1995,1,0,0,1,3,35.0,35.0,9.7,0.4,,0.0,0.0,2.0,-2.0,-5.14,0.0,1.6,-1.6,-4.22,-5.14,-3.31,35.0
Jassem Gaber,DF,Qatar,20,2002,0,0,0,0,3,,,,,,,,,,,,,,,,,
Jawad El Yamiq,DF,Morocco,30,1992,6,3,2,3,1,309.0,52.0,46.8,3.4,82.0,1.67,3.0,4.0,-1.0,-0.29,4.1,4.0,0.1,0.04,-0.8,0.26,21.0
Jean-Charles Castelletto,DF,Cameroon,27,1995,2,2,2,0,0,180.0,90.0,66.7,2.0,90.0,0.5,3.0,4.0,-1.0,-0.5,3.0,3.3,-0.4,-0.18,-1.5,1.8,
Jean-Pierre Nsame,FW,Cameroon,29,1993,0,0,0,0,3,,,,,,,,,,,,,,,,,
Jens Stryger Larsen,DF,Denmark,31,1991,0,0,0,0,3,,,,,,,,,,,,,,,,,
Jeong Woo-yeong,MF,Korea Republic,23,1999,1,1,0,0,3,45.0,45.0,12.5,0.5,45.0,0.0,0.0,2.0,-2.0,-4.0,0.4,1.2,-0.8,-1.66,-3.71,-1.18,
Jeremie Frimpong,DF,Netherlands,22,2000,0,0,0,0,5,,,,,,,,,,,,,,,,,
Jeremy Doku,MF,Belgium,20,2002,1,0,0,1,2,19.0,19.0,7.0,0.2,,1.0,0.0,0.0,0.0,0.0,1.0,0.0,1.0,4.88,0.36,5.19,19.0
Jeremy Sarmiento,MF,Ecuador,20,2002,3,0,0,3,0,85.0,28.0,31.5,0.9,,1.33,1.0,1.0,0.0,0.0,0.9,0.6,0.3,0.32,-0.49,-0.1,28.0
Jerome Ngom Mbekeli,MF,Cameroon,24,1998,1,0,0,1,2,5.0,5.0,1.9,0.1,,3.0,1.0,0.0,1.0,18.0,0.1,1.0,-0.9,-15.5,18.34,-14.99,5.0
Jesper Lindstrøm,MF,Denmark,22,2000,3,2,1,1,0,200.0,67.0,74.1,2.2,87.0,0.33,1.0,2.0,-1.0,-0.45,2.3,2.3,0.0,0.02,0.84,1.58,26.0
Jesús Ferreira,FW,United States,21,2000,1,1,0,0,3,45.0,45.0,12.5,0.5,45.0,0.0,0.0,2.0,-2.0,-4.0,0.5,0.4,0.1,0.16,-4.29,0.27,
Jesús Gallardo,DF,Mexico,28,1994,3,3,3,0,0,270.0,90.0,100.0,3.0,90.0,1.33,2.0,3.0,-1.0,-0.33,3.3,2.4,0.9,0.3,,,
Jewison Bennette,MF,Costa Rica,18,2004,3,1,0,2,0,103.0,34.0,38.1,1.1,60.0,1.0,1.0,6.0,-5.0,-4.37,0.1,5.8,-5.7,-4.97,-2.75,-3.35,22.0
Jhegson Méndez,MF,Ecuador,25,1997,2,2,2,0,0,180.0,90.0,66.7,2.0,90.0,2.0,3.0,1.0,2.0,1.0,2.9,0.4,2.4,1.22,2.0,2.48,
Joachim Andersen,DF,Denmark,26,1996,3,3,3,0,0,270.0,90.0,100.0,3.0,90.0,0.33,1.0,3.0,-2.0,-0.67,2.7,3.9,-1.2,-0.39,,,
Joakim Mæhle,DF,Denmark,25,1997,3,3,2,0,0,249.0,83.0,92.2,2.8,83.0,0.33,1.0,3.0,-2.0,-0.72,2.5,3.8,-1.3,-0.49,-0.72,-1.19,
Joe Allen,MF,Wales,32,1990,2,1,0,1,1,94.0,47.0,34.8,1.0,80.0,0.0,0.0,5.0,-5.0,-4.79,0.4,2.6,-2.2,-2.06,-4.79,-2.2,14.0
Joe Morrell,MF,Wales,25,1997,2,0,0,2,1,33.0,17.0,12.2,0.4,,0.5,0.0,1.0,-1.0,-2.73,0.2,1.2,-1.0,-2.66,-1.21,-2.32,17.0
Joe Rodon,DF,Wales,25,1997,3,3,3,0,0,270.0,90.0,100.0,3.0,90.0,0.33,1.0,6.0,-5.0,-1.67,2.7,4.6,-1.9,-0.63,,,
Joe Scally,DF,United States,19,2002,0,0,0,0,4,,,,,,,,,,,,,,,,,
Joel Campbell,FW,Costa Rica,30,1992,3,3,2,0,0,269.0,90.0,99.6,3.0,90.0,1.0,3.0,11.0,-8.0,-2.68,1.4,10.1,-8.7,-2.91,-2.68,-2.91,
Joel King,DF,Australia,22,2000,0,0,0,0,4,,,,,,,,,,,,,,,,,
Joel Waterman,DF,Canada,26,1996,0,0,0,0,3,,,,,,,,,,,,,,,,,
Johan Venegas,FW,Costa Rica,34,1988,1,1,0,0,2,73.0,73.0,27.0,0.8,73.0,0.0,2.0,2.0,0.0,0.0,1.3,3.0,-1.7,-2.11,3.65,1.08,
Johan Vásquez,DF,Mexico,24,1998,0,0,0,0,3,,,,,,,,,,,,,,,,,
John Stones,DF,England,28,1994,5,5,3,0,0,434.0,87.0,96.4,4.8,87.0,2.0,13.0,4.0,9.0,1.87,8.4,3.8,4.6,0.95,1.87,0.7,
Jonas Hofmann,FW,Germany,30,1992,2,0,0,2,1,30.0,15.0,11.1,0.3,,0.5,0.0,2.0,-2.0,-6.0,1.1,1.1,0.0,-0.06,-7.12,-2.56,15.0
Jonas Omlin,GK,Switzerland,28,1994,0,0,0,0,4,,,,,,,,,,,,,,,,,
Jonas Wind,FW,Denmark,23,1999,0,0,0,0,3,,,,,,,,,,,,,,,,,
Jonathan David,FW,Canada,22,2000,3,2,1,1,0,192.0,64.0,71.1,2.1,81.0,0.0,1.0,4.0,-3.0,-1.41,3.6,2.4,1.2,0.56,0.9,1.54,31.0
Jonathan Osorio,MF,Canada,30,1992,3,1,0,2,0,119.0,40.0,44.1,1.3,64.0,0.0,1.0,4.0,-3.0,-2.27,1.0,2.4,-1.4,-1.08,-1.08,-2.13,28.0
Jonny Williams,FW,Wales,29,1993,0,0,0,0,3,,,,,,,,,,,,,,,,,
Jordan Ayew,FW,Ghana,31,1991,3,2,0,1,0,136.0,45.0,50.4,1.5,61.0,1.0,4.0,6.0,-2.0,-1.32,3.0,3.3,-0.4,-0.26,-1.32,0.44,14.0
Jordan Henderson,MF,England,32,1990,4,3,1,1,1,271.0,68.0,60.2,3.0,83.0,1.75,7.0,2.0,5.0,1.66,5.0,1.8,3.1,1.04,-0.35,0.29,22.0
Jordan Morris,FW,United States,28,1994,2,0,0,2,2,4.0,2.0,1.1,0.0,,0.5,0.0,0.0,0.0,0.0,0.1,0.1,0.0,0.18,0.25,0.25,2.0
Jordan Pickford,GK,England,28,1994,5,5,5,0,0,450.0,90.0,100.0,5.0,90.0,2.0,13.0,4.0,9.0,1.8,8.7,4.0,4.6,0.92,,,
Jordan Veretout,MF,France,29,1993,1,1,0,0,6,62.0,62.0,9.4,0.7,62.0,0.0,0.0,1.0,-1.0,-1.45,0.2,0.5,-0.3,-0.44,-2.81,-1.04,
Jordi Alba,DF,Spain,33,1989,4,3,0,1,0,264.0,66.0,67.7,2.9,80.0,1.25,5.0,0.0,5.0,1.7,4.3,1.7,2.5,0.86,0.99,0.7,23.0
Jorge Eduardo Sánchez,DF,Mexico,25,1997,2,2,1,0,1,175.0,88.0,64.8,1.9,88.0,2.0,2.0,0.0,2.0,1.03,2.9,1.4,1.4,0.74,3.87,1.25,
Joseph Aidoo,DF,Ghana,27,1995,0,0,0,0,3,,,,,,,,,,,,,,,,,
Josh Sargent,FW,United States,22,2000,3,2,0,1,1,157.0,52.0,43.6,1.7,75.0,1.67,2.0,0.0,2.0,1.15,1.7,1.1,0.6,0.36,2.48,0.77,8.0
Joshua Kimmich,MF,Germany,27,1995,3,3,3,0,0,270.0,90.0,100.0,3.0,90.0,1.33,6.0,5.0,1.0,0.33,10.1,3.4,6.7,2.22,,,
Josip Juranovič,DF,Croatia,27,1995,6,6,6,0,1,600.0,100.0,87.0,6.7,100.0,1.17,6.0,6.0,0.0,0.0,6.4,9.9,-3.5,-0.58,-1.0,-0.26,
Josip Stanišič,DF,Croatia,22,2000,1,1,1,0,5,90.0,90.0,13.0,1.0,90.0,3.0,2.0,1.0,1.0,1.0,0.7,1.2,-0.5,-0.53,1.0,-0.01,
Josip Å utalo,DF,Croatia,22,2000,1,1,1,0,6,90.0,90.0,13.0,1.0,90.0,3.0,2.0,1.0,1.0,1.0,0.7,1.2,-0.5,-0.53,1.0,-0.01,
José Cifuentes,MF,Ecuador,23,1999,2,0,0,2,1,59.0,30.0,21.9,0.7,,1.5,1.0,1.0,0.0,0.0,0.8,0.6,0.3,0.39,-0.43,-0.01,30.0
José Luis Rodríguez Bebanz,DF,Uruguay,25,1997,0,0,0,0,3,,,,,,,,,,,,,,,,,
José María Giménez,DF,Uruguay,27,1995,3,3,3,0,0,270.0,90.0,100.0,3.0,90.0,1.33,2.0,2.0,0.0,0.0,3.7,3.5,0.1,0.05,,,
José Sá,GK,Portugal,29,1993,0,0,0,0,5,,,,,,,,,,,,,,,,,
João Cancelo,DF,Portugal,28,1994,4,3,3,1,1,310.0,78.0,68.9,3.4,90.0,1.5,6.0,4.0,2.0,0.58,5.3,4.5,0.8,0.22,-1.99,-0.11,40.0
João Félix,FW,Portugal,23,1999,4,4,1,0,1,331.0,83.0,73.6,3.7,83.0,2.25,9.0,3.0,6.0,1.63,5.4,4.2,1.1,0.31,1.63,0.21,
João Mário,FW,Portugal,29,1993,2,1,0,1,3,84.0,42.0,18.7,0.9,81.0,1.5,1.0,2.0,-1.0,-1.07,1.3,1.5,-0.2,-0.23,-2.79,-0.59,3.0
João Palhinha,MF,Portugal,27,1995,3,0,0,3,2,38.0,13.0,8.4,0.4,,2.0,1.0,2.0,-1.0,-2.37,1.1,1.4,-0.2,-0.57,-3.9,-0.9,13.0
Joško Gvardiol,DF,Croatia,20,2002,7,7,7,0,0,690.0,99.0,100.0,7.7,99.0,1.43,8.0,7.0,1.0,0.13,7.0,11.0,-4.0,-0.58,,-0.58,
Juan Foyth,DF,Argentina,24,1998,1,0,0,1,6,5.0,5.0,0.7,0.1,,3.0,0.0,0.0,0.0,0.0,0.0,0.1,-0.1,-1.78,-0.92,-3.18,5.0
Juan Pablo Vargas,DF,Costa Rica,27,1995,1,1,1,0,2,90.0,90.0,33.3,1.0,90.0,0.0,2.0,4.0,-2.0,-2.0,1.3,5.7,-4.4,-4.4,1.0,-2.25,
Jude Bellingham,MF,England,19,2003,5,5,3,0,0,414.0,83.0,92.0,4.6,83.0,2.0,13.0,4.0,9.0,1.96,8.2,3.8,4.4,0.96,1.96,0.45,
Jules Koundé,DF,France,24,1998,6,5,3,1,1,480.0,80.0,72.7,5.3,96.0,2.67,12.0,5.0,7.0,1.31,9.0,7.8,1.2,0.22,0.81,-1.06,2.0
Julian Brandt,FW,Germany,26,1996,0,0,0,0,3,,,,,,,,,,,,,,,,,
Julián Álvarez,FW,Argentina,22,2000,7,5,0,2,0,464.0,66.0,67.2,5.2,81.0,2.0,13.0,2.0,11.0,2.13,10.5,2.0,8.5,1.66,3.73,0.85,30.0
Jung Woo-young,MF,Korea Republic,33,1989,4,4,2,0,0,303.0,76.0,84.2,3.4,76.0,1.0,4.0,8.0,-4.0,-1.19,3.9,6.3,-2.4,-0.7,-2.77,-0.47,
Junior Hoilett,FW,Canada,32,1990,3,2,0,1,0,161.0,54.0,59.6,1.8,66.0,0.0,1.0,5.0,-4.0,-2.24,3.5,2.5,1.0,0.57,-1.41,1.13,29.0
Junya Ito,MF,Japan,29,1993,4,3,3,1,0,324.0,81.0,83.1,3.6,100.0,1.75,5.0,4.0,1.0,0.28,4.5,5.6,-1.1,-0.34,0.28,-0.75,24.0
Jurriën Timber,DF,Netherlands,21,2001,4,4,4,0,1,390.0,98.0,81.3,4.3,98.0,2.0,8.0,4.0,4.0,0.92,3.9,5.2,-1.2,-0.31,-1.08,-0.15,
Justin Bijlow,GK,Netherlands,24,1998,0,0,0,0,5,,,,,,,,,,,,,,,,,
Kai Havertz,FW,Germany,23,1999,2,1,0,1,1,102.0,51.0,37.8,1.1,78.0,1.5,4.0,2.0,2.0,1.76,6.0,1.9,4.1,3.59,2.3,2.22,24.0
Kalidou Koulibaly,DF,Senegal,31,1991,4,4,4,0,0,360.0,90.0,100.0,4.0,90.0,1.5,5.0,7.0,-2.0,-0.5,4.6,3.5,1.0,0.26,,,
Kalvin Phillips,MF,England,27,1995,2,0,0,2,3,42.0,21.0,9.3,0.5,,3.0,1.0,0.0,1.0,2.14,1.4,0.4,0.9,2.01,0.38,1.2,21.0
Kamal Miller,DF,Canada,25,1997,3,3,3,0,0,270.0,90.0,100.0,3.0,90.0,0.0,2.0,7.0,-5.0,-1.67,4.2,3.9,0.3,0.11,,,
Kamal Sowah,FW,Ghana,22,2000,0,0,0,0,3,,,,,,,,,,,,,,,,,
Kamaldeen Sulemana,FW,Ghana,20,2002,2,0,0,2,1,58.0,29.0,21.5,0.6,,1.5,0.0,0.0,0.0,0.0,0.7,0.8,-0.1,-0.1,0.85,0.48,29.0
Kamil Glik,DF,Poland,34,1988,4,4,4,0,0,360.0,90.0,100.0,4.0,90.0,1.0,3.0,5.0,-2.0,-0.5,4.5,7.3,-2.7,-0.69,,,
Kamil Grabara,GK,Poland,23,1999,0,0,0,0,4,,,,,,,,,,,,,,,,,
Kamil Grosicki,MF,Poland,34,1988,1,0,0,1,3,4.0,4.0,1.1,0.0,,0.0,1.0,1.0,0.0,0.0,1.0,0.0,0.9,20.6,0.51,21.53,4.0
Kaoru Mitoma,MF,Japan,25,1997,4,0,0,4,0,165.0,41.0,42.3,1.8,,1.75,4.0,1.0,3.0,1.64,3.4,2.3,1.1,0.71,2.44,1.32,41.0
Karim Adeyemi,FW,Germany,20,2002,0,0,0,0,3,,,,,,,,,,,,,,,,,
Karim Ansarifard,FW,IR Iran,32,1990,2,0,0,2,1,35.0,18.0,13.0,0.4,,1.5,2.0,0.0,2.0,5.14,0.9,0.4,0.5,1.22,7.06,1.77,18.0
Karim Boudiaf,MF,Qatar,32,1990,3,2,1,1,0,185.0,62.0,68.5,2.1,79.0,0.0,0.0,4.0,-4.0,-1.95,1.1,1.7,-0.6,-0.3,0.17,1.31,27.0
Karl Toko Ekambi,FW,Cameroon,30,1992,3,2,0,1,0,166.0,55.0,61.5,1.8,70.0,1.33,4.0,4.0,0.0,0.0,3.1,3.9,-0.8,-0.42,0.0,0.95,27.0
Karol ÅŚwiderski,FW,Poland,25,1997,1,1,0,0,3,45.0,45.0,12.5,0.5,45.0,0.0,0.0,0.0,0.0,0.0,0.2,1.8,-1.6,-3.1,0.57,-2.76,
Kasper Dolberg,FW,Denmark,25,1997,3,1,0,2,0,114.0,38.0,42.2,1.3,64.0,0.33,0.0,2.0,-2.0,-1.58,0.8,2.1,-1.3,-1.04,-1.58,-1.11,25.0
Kasper Schmeichel,GK,Denmark,36,1986,3,3,3,0,0,270.0,90.0,100.0,3.0,90.0,0.33,1.0,3.0,-2.0,-0.67,2.7,3.9,-1.2,-0.39,,,
Keanu Baccus,MF,Australia,24,1998,4,1,0,3,0,114.0,29.0,31.7,1.3,57.0,1.5,1.0,2.0,-1.0,-0.79,0.5,1.6,-1.1,-0.89,-0.42,0.5,19.0
Kellyn Acosta,MF,United States,27,1995,2,0,0,2,2,43.0,22.0,11.9,0.5,,2.0,0.0,1.0,-1.0,-2.09,0.4,1.1,-0.7,-1.57,-2.09,-1.69,22.0
Kendall Waston,DF,Costa Rica,34,1988,3,2,2,1,0,225.0,75.0,83.3,2.5,90.0,1.0,3.0,8.0,-5.0,-2.0,1.4,7.7,-6.2,-2.49,4.0,2.46,45.0
Kenneth Taylor,MF,Netherlands,20,2002,1,0,0,1,4,5.0,5.0,1.0,0.1,,3.0,0.0,0.0,0.0,0.0,0.0,0.0,0.0,0.09,-1.14,0.36,5.0
Kevin De Bruyne,FW,Belgium,31,1991,3,3,3,0,0,270.0,90.0,100.0,3.0,90.0,1.33,1.0,2.0,-1.0,-0.33,4.7,4.6,0.2,0.05,,,
Kevin Rodríguez,FW,Ecuador,22,2000,2,0,0,2,1,2.0,1.0,0.7,0.0,,2.0,0.0,0.0,0.0,0.0,,,,,-0.34,,1.0
Kevin Trapp,GK,Germany,32,1990,0,0,0,0,3,,,,,,,,,,,,,,,,,
Kevin Álvarez,DF,Mexico,23,1999,2,1,0,1,1,70.0,35.0,25.9,0.8,65.0,1.5,0.0,2.0,-2.0,-2.57,0.4,0.8,-0.4,-0.53,-3.02,-1.12,5.0
Keylor Navas,GK,Costa Rica,36,1986,3,3,3,0,0,270.0,90.0,100.0,3.0,90.0,1.0,3.0,11.0,-8.0,-2.67,1.4,10.1,-8.7,-2.9,,,
Keysher Fuller,DF,Costa Rica,28,1994,3,3,2,0,0,253.0,84.0,93.7,2.8,84.0,1.0,3.0,9.0,-6.0,-2.13,1.4,7.4,-6.0,-2.14,8.45,12.11,
Khalid Muneer,FW,Qatar,24,1998,0,0,0,0,3,,,,,,,,,,,,,,,,,
Kieffer Moore,FW,Wales,30,1992,3,2,2,1,0,225.0,75.0,83.3,2.5,90.0,0.33,1.0,5.0,-4.0,-1.6,2.6,3.9,-1.4,-0.55,0.4,0.44,45.0
Kieran Trippier,DF,England,32,1990,3,2,2,1,2,206.0,69.0,45.8,2.3,90.0,2.33,7.0,2.0,5.0,2.18,4.1,2.2,1.9,0.82,0.71,-0.2,26.0
Kim Jin-su,DF,Korea Republic,30,1992,4,4,3,0,0,315.0,79.0,87.5,3.5,79.0,1.0,4.0,8.0,-4.0,-1.14,4.3,6.3,-2.0,-0.57,-3.14,0.49,
Kim Min-jae,DF,Korea Republic,26,1996,3,3,2,0,1,269.0,90.0,74.7,3.0,90.0,0.33,3.0,7.0,-4.0,-1.34,2.8,5.8,-3.0,-1.02,-2.33,-1.53,
Kim Moonhwan,DF,Korea Republic,27,1995,4,4,4,0,0,360.0,90.0,100.0,4.0,90.0,1.0,5.0,8.0,-3.0,-0.75,4.6,7.1,-2.5,-0.63,,,
Kim Seung-gyu,GK,Korea Republic,32,1990,4,4,4,0,0,360.0,90.0,100.0,4.0,90.0,1.0,5.0,8.0,-3.0,-0.75,4.6,7.1,-2.5,-0.63,,,
Kim Tae-hwan,DF,Korea Republic,33,1989,0,0,0,0,4,,,,,,,,,,,,,,,,,
Kim Young-gwon,DF,Korea Republic,32,1990,4,4,3,0,0,350.0,88.0,97.2,3.9,88.0,1.0,4.0,8.0,-4.0,-1.03,3.9,7.1,-3.2,-0.81,-10.03,-6.52,
Kingsley Coman,FW,France,26,1996,6,1,0,5,1,169.0,28.0,25.6,1.9,62.0,2.17,5.0,3.0,2.0,1.07,3.8,4.0,-0.3,-0.16,-0.03,-0.85,21.0
Ko Itakura,DF,Japan,25,1997,3,3,3,0,0,270.0,90.0,69.2,3.0,90.0,2.0,4.0,3.0,1.0,0.33,3.8,4.2,-0.4,-0.14,0.33,0.04,
Koen Casteels,GK,Belgium,30,1992,0,0,0,0,3,,,,,,,,,,,,,,,,,
Koke,MF,Spain,30,1992,2,0,0,2,2,52.0,26.0,13.3,0.6,,2.0,3.0,1.0,2.0,3.46,0.8,1.0,-0.2,-0.33,2.4,-1.11,26.0
Kristijan Jakič,FW,Croatia,25,1997,1,0,0,1,6,1.0,1.0,0.1,0.0,,3.0,0.0,0.0,0.0,0.0,0.0,0.0,0.0,-4.49,-0.13,-3.97,1.0
Krystian Bielik,MF,Poland,24,1998,4,2,1,2,0,216.0,54.0,60.0,2.4,76.0,1.0,3.0,3.0,0.0,0.0,3.8,4.8,-1.0,-0.41,1.25,0.69,33.0
Krzysztof PiÄtek,FW,Poland,27,1995,2,0,0,2,2,28.0,14.0,7.8,0.3,,1.5,1.0,0.0,1.0,3.21,0.8,0.6,0.2,0.56,4.03,1.35,14.0
Krépin Diatta,FW,Senegal,23,1999,3,3,0,0,1,181.0,60.0,50.3,2.0,60.0,1.0,2.0,2.0,0.0,0.0,1.4,1.3,0.1,0.05,1.01,-0.41,
Kudus Mohammed,FW,Ghana,22,2000,3,3,0,0,0,247.0,82.0,91.5,2.7,82.0,1.0,4.0,5.0,-1.0,-0.36,3.6,4.6,-0.9,-0.33,3.55,1.68,
Kwon Chang-hoon,FW,Korea Republic,28,1994,1,1,0,0,3,56.0,56.0,15.6,0.6,56.0,0.0,0.0,2.0,-2.0,-3.21,0.5,1.3,-0.8,-1.25,-2.92,-0.73,
Kwon Kyung-won,DF,Korea Republic,30,1992,2,1,1,1,2,91.0,46.0,25.3,1.0,90.0,1.5,2.0,1.0,1.0,0.99,1.8,1.3,0.5,0.51,2.33,1.53,1.0
Kye Rowles,DF,Australia,24,1998,4,4,4,0,0,360.0,90.0,100.0,4.0,90.0,1.5,4.0,6.0,-2.0,-0.5,2.3,7.2,-4.9,-1.23,,,
Kyle Walker,DF,England,32,1990,3,3,2,0,2,236.0,79.0,52.4,2.6,79.0,2.0,6.0,2.0,4.0,1.53,4.6,1.9,2.8,1.05,-0.58,0.27,
Kylian Mbappé,FW,France,23,1998,7,6,6,1,0,598.0,85.0,90.6,6.6,95.0,2.29,16.0,7.0,9.0,1.35,13.6,9.6,4.0,0.64,2.81,0.93,28.0
Lautaro Martínez,FW,Argentina,25,1997,6,2,1,4,1,241.0,40.0,34.9,2.7,76.0,1.83,2.0,6.0,-4.0,-1.49,5.6,2.4,3.1,1.45,-3.7,0.11,22.0
Lawrence Ati-Zigi,GK,Ghana,26,1996,3,3,3,0,0,270.0,90.0,100.0,3.0,90.0,1.0,5.0,7.0,-2.0,-0.67,4.1,5.6,-1.4,-0.48,,,
Leander Dendoncker,DF,Belgium,27,1995,2,2,1,0,1,161.0,81.0,59.6,1.8,81.0,2.0,1.0,0.0,1.0,0.56,2.7,3.1,-0.3,-0.19,2.21,-0.61,
Leandro Paredes,MF,Argentina,28,1994,5,2,0,3,2,225.0,45.0,32.6,2.5,60.0,1.6,6.0,5.0,1.0,0.4,6.6,1.9,4.7,2.42,-0.76,1.4,35.0
Leandro Trossard,FW,Belgium,28,1994,3,1,0,2,0,103.0,34.0,38.1,1.1,58.0,1.33,0.0,1.0,-1.0,-0.87,1.4,1.4,0.0,-0.01,-0.87,-0.1,23.0
Lee Jae-sung,MF,Korea Republic,30,1992,3,3,0,0,1,211.0,70.0,58.6,2.3,70.0,1.33,1.0,5.0,-4.0,-1.71,1.7,4.9,-3.2,-1.36,-2.31,-1.77,
Lee Kangin,MF,Korea Republic,21,2001,4,1,0,3,0,147.0,37.0,40.8,1.6,80.0,1.0,4.0,2.0,2.0,1.22,2.5,2.1,0.4,0.26,3.34,1.51,22.0
Leon Goretzka,MF,Germany,27,1995,3,2,1,1,0,159.0,53.0,58.9,1.8,68.0,1.33,2.0,3.0,-1.0,-0.57,3.8,2.0,1.7,0.98,-2.19,-3.01,24.0
Leroy Sané,FW,Germany,26,1996,2,1,1,1,1,111.0,56.0,41.1,1.2,90.0,2.0,5.0,2.0,3.0,2.43,6.7,1.3,5.4,4.38,3.56,3.67,21.0
Liam Fraser,MF,Canada,24,1998,0,0,0,0,3,,,,,,,,,,,,,,,,,
Liam Millar,DF,Canada,23,1999,1,0,0,1,2,10.0,10.0,3.7,0.1,,0.0,0.0,0.0,0.0,0.0,0.1,0.2,-0.1,-0.77,1.73,-0.91,10.0
Lionel Messi,FW,Argentina,35,1987,7,7,7,0,0,690.0,99.0,100.0,7.7,99.0,2.0,15.0,8.0,7.0,0.91,15.2,4.6,10.6,1.51,,1.51,
Lisandro Martínez,DF,Argentina,24,1998,5,2,1,3,2,303.0,61.0,43.9,3.4,101.0,2.0,6.0,3.0,3.0,0.89,5.1,1.5,3.6,1.06,-0.04,-0.57,34.0
Lovro Majer,MF,Croatia,24,1998,7,1,0,6,0,130.0,19.0,18.8,1.4,65.0,1.43,4.0,1.0,3.0,2.08,1.5,1.5,0.0,0.03,2.4,0.65,11.0
Loïs Openda,FW,Belgium,22,2000,1,0,0,1,2,13.0,13.0,4.8,0.1,,3.0,0.0,0.0,0.0,0.0,0.2,0.2,0.0,-0.07,0.35,-0.13,13.0
Luca de la Torre,MF,United States,24,1998,0,0,0,0,4,,,,,,,,,,,,,,,,,
Lucas Cavallini,FW,Canada,29,1992,1,0,0,1,2,19.0,19.0,7.0,0.2,,0.0,0.0,1.0,-1.0,-4.74,0.1,1.0,-0.9,-4.26,-3.3,-4.71,19.0
Lucas Hernández,DF,France,26,1996,1,1,0,0,0,12.0,12.0,1.8,0.1,12.0,3.0,0.0,1.0,-1.0,-7.5,0.0,0.3,-0.3,-2.15,-8.75,-2.7,
Lucas Paquetá,MF,Brazil,25,1997,4,4,1,0,1,314.0,79.0,65.4,3.5,79.0,2.5,7.0,1.0,6.0,1.72,8.6,1.1,7.5,2.14,2.26,0.81,
Lucas Torreira,MF,Uruguay,26,1996,0,0,0,0,3,,,,,,,,,,,,,,,,,
Luis Chávez,MF,Mexico,26,1996,3,3,3,0,0,270.0,90.0,100.0,3.0,90.0,1.33,2.0,3.0,-1.0,-0.33,3.3,2.4,0.9,0.3,,,
Luis Romo,DF,Mexico,27,1995,0,0,0,0,3,,,,,,,,,,,,,,,,,
Luis Suárez,FW,Uruguay,35,1987,3,2,0,1,0,146.0,49.0,54.1,1.6,64.0,1.33,2.0,1.0,1.0,0.62,2.4,2.5,-0.1,-0.04,1.34,-0.19,18.0
Luka Jovič,FW,Serbia,24,1997,1,0,0,1,1,36.0,36.0,13.3,0.4,,0.5,3.0,3.0,0.0,0.0,0.2,1.1,-0.8,-2.1,1.15,-0.9,36.0
Luka Modrič,MF,Croatia,37,1985,7,7,4,0,0,653.0,93.0,94.6,7.3,93.0,1.43,7.0,7.0,0.0,0.0,6.0,10.6,-4.6,-0.67,-2.43,-1.45,
Luka Sučič,MF,Croatia,20,2002,0,0,0,0,7,,,,,,,,,,,,,,,,,
Lukas Klostermann,DF,Germany,26,1996,2,0,0,2,1,66.0,33.0,24.4,0.7,,2.0,4.0,2.0,2.0,2.73,5.4,1.1,4.3,5.85,3.17,4.81,33.0
Luke Shaw,DF,England,27,1995,5,5,4,0,0,424.0,85.0,94.2,4.7,85.0,2.0,12.0,4.0,8.0,1.7,7.5,3.8,3.6,0.77,-1.76,-2.61,
Luuk de Jong,FW,Netherlands,32,1990,1,0,0,1,4,57.0,57.0,11.9,0.6,,1.0,2.0,1.0,1.0,1.58,0.4,1.2,-0.8,-2.64,0.52,-2.51,57.0
Majid Hosseini,DF,IR Iran,26,1996,3,3,3,0,0,270.0,90.0,100.0,3.0,90.0,1.0,4.0,7.0,-3.0,-1.0,3.2,4.2,-0.9,-0.32,,,
Mamadou Loum,MF,Senegal,25,1996,0,0,0,0,4,,,,,,,,,,,,,,,,,
Manaf Nurudeen,GK,Ghana,23,1999,0,0,0,0,3,,,,,,,,,,,,,,,,,
Manuel Akanji,DF,Switzerland,27,1995,4,4,4,0,0,360.0,90.0,100.0,4.0,90.0,1.5,5.0,9.0,-4.0,-1.0,5.6,5.3,0.3,0.08,,,
Manuel Neuer,GK,Germany,36,1986,3,3,3,0,0,270.0,90.0,100.0,3.0,90.0,1.33,6.0,5.0,1.0,0.33,10.1,3.4,6.7,2.22,,,
Manuel Ugarte Ribeiro,MF,Uruguay,21,2001,0,0,0,0,3,,,,,,,,,,,,,,,,,
Marc-André ter Stegen,GK,Germany,30,1992,0,0,0,0,3,,,,,,,,,,,,,,,,,
Marcelo Brozovič,MF,Croatia,30,1992,6,6,4,0,1,552.0,92.0,80.0,6.1,92.0,1.17,5.0,5.0,0.0,0.0,5.9,8.9,-3.0,-0.52,-0.65,0.02,
Marco Asensio,FW,Spain,26,1996,4,3,0,1,0,229.0,57.0,58.7,2.5,65.0,1.25,5.0,0.0,5.0,1.97,3.9,0.8,3.1,1.21,1.41,1.4,34.0
Marco Tilio,MF,Australia,21,2001,0,0,0,0,4,,,,,,,,,,,,,,,,,
Marcos Acuña,DF,Argentina,31,1991,6,4,1,2,0,373.0,62.0,54.1,4.1,74.0,1.83,8.0,3.0,5.0,1.21,6.6,3.0,3.7,0.96,0.64,-0.84,39.0
Marcos Llorente,DF,Spain,27,1995,1,1,1,0,3,120.0,120.0,30.8,1.3,120.0,1.0,0.0,0.0,0.0,0.0,1.0,0.7,0.3,0.26,-2.0,-0.48,
Marcus Rashford,FW,England,25,1997,5,1,0,4,0,140.0,28.0,31.1,1.6,74.0,2.0,5.0,1.0,4.0,2.57,3.1,1.5,1.6,1.02,1.12,0.14,17.0
Marcus Thuram,FW,France,25,1997,5,0,0,5,2,151.0,30.0,22.9,1.7,,2.6,6.0,3.0,3.0,1.79,4.7,3.9,0.7,0.55,0.9,0.05,30.0
Mario Götze,MF,Germany,30,1992,2,0,0,2,1,36.0,18.0,13.3,0.4,,1.5,3.0,2.0,1.0,2.5,3.9,0.6,3.3,8.37,2.5,7.1,18.0
Mario Pašalič,FW,Croatia,27,1995,7,2,0,5,0,271.0,39.0,39.3,3.0,58.0,1.43,1.0,2.0,-1.0,-0.33,2.2,4.2,-2.0,-0.75,-0.76,-0.35,31.0
Mark Harris,FW,Wales,23,1998,0,0,0,0,3,,,,,,,,,,,,,,,,,
Mark-Anthony Kaye,MF,Canada,28,1994,1,1,0,0,2,59.0,59.0,21.9,0.7,59.0,0.0,1.0,2.0,-1.0,-1.53,0.6,0.5,0.0,0.07,0.18,-0.05,
Marko Dmitrovič,GK,Serbia,30,1992,0,0,0,0,3,,,,,,,,,,,,,,,,,
Marko Grujič,MF,Serbia,26,1996,1,0,0,1,2,13.0,13.0,4.8,0.1,,1.0,0.0,0.0,0.0,0.0,0.1,0.1,0.1,0.62,1.05,2.03,13.0
Marko Livaja,FW,Croatia,29,1993,6,3,0,3,1,241.0,40.0,34.9,2.7,62.0,1.5,4.0,2.0,2.0,0.75,2.4,3.3,-0.9,-0.36,0.95,0.25,18.0
Marou Souaibou,FW,Cameroon,22,2000,0,0,0,0,3,,,,,,,,,,,,,,,,,
Marquinhos,DF,Brazil,28,1994,5,4,4,1,0,426.0,85.0,88.8,4.7,98.0,2.0,8.0,3.0,5.0,1.06,10.8,1.8,9.0,2.05,1.06,1.09,36.0
Marten de Roon,MF,Netherlands,31,1991,5,3,0,2,0,184.0,37.0,38.3,2.0,57.0,2.2,5.0,1.0,4.0,1.96,2.3,1.3,1.0,0.5,1.35,1.26,7.0
Martin Braithwaite,FW,Denmark,31,1991,2,1,0,1,1,103.0,52.0,38.1,1.1,58.0,0.0,1.0,2.0,-1.0,-0.87,0.9,1.8,-0.9,-0.79,-0.33,-0.64,45.0
Martin Erlic,DF,Croatia,24,1998,0,0,0,0,7,,,,,,,,,,,,,,,,,
Martin Hongla,MF,Cameroon,24,1998,2,2,0,0,0,121.0,61.0,44.8,1.3,61.0,0.5,1.0,4.0,-3.0,-2.23,1.9,2.6,-0.7,-0.51,-4.04,0.5,
Martinelli,FW,Brazil,21,2001,3,1,1,2,2,113.0,38.0,23.5,1.3,90.0,2.0,0.0,2.0,-2.0,-1.59,2.7,0.6,2.2,1.71,-3.31,-0.19,12.0
Martín Cáceres,DF,Uruguay,35,1987,1,1,1,0,2,90.0,90.0,33.3,1.0,90.0,1.0,0.0,0.0,0.0,0.0,0.6,0.6,0.0,-0.05,0.0,-0.14,
Mason Mount,MF,England,23,1999,4,2,1,2,1,186.0,47.0,41.3,2.1,80.0,1.75,4.0,1.0,3.0,1.45,2.9,1.2,1.7,0.8,-0.59,-0.21,13.0
Mateo Kovačič,MF,Croatia,28,1994,7,7,2,0,0,635.0,91.0,92.0,7.1,91.0,1.43,6.0,7.0,-1.0,-0.14,6.0,10.6,-4.6,-0.66,-3.41,-1.67,
Mateusz Wieteska,DF,Poland,25,1997,0,0,0,0,4,,,,,,,,,,,,,,,,,
Matheus Nunes,MF,Portugal,24,1998,2,1,0,1,3,73.0,37.0,16.2,0.8,64.0,1.5,2.0,1.0,1.0,1.23,2.2,0.8,1.4,1.7,0.04,1.73,9.0
Mathew Leckie,MF,Australia,31,1991,4,4,1,0,0,333.0,83.0,92.5,3.7,83.0,1.5,3.0,6.0,-3.0,-0.81,1.8,6.0,-4.2,-1.13,-4.14,1.32,
Mathew Ryan,GK,Australia,30,1992,4,4,4,0,0,360.0,90.0,100.0,4.0,90.0,1.5,4.0,6.0,-2.0,-0.5,2.3,7.2,-4.9,-1.23,,,
Mathias Jensen,MF,Denmark,26,1996,2,1,0,1,1,84.0,42.0,31.1,0.9,58.0,0.5,0.0,0.0,0.0,0.0,1.4,0.4,1.0,1.1,0.97,2.16,26.0
Mathías Olivera,DF,Uruguay,25,1997,3,3,1,0,0,253.0,84.0,93.7,2.8,84.0,1.33,2.0,1.0,1.0,0.36,3.5,2.5,1.0,0.35,5.65,4.73,
Matt Turner,GK,United States,28,1994,4,4,4,0,0,360.0,90.0,100.0,4.0,90.0,1.25,3.0,4.0,-1.0,-0.25,4.1,4.4,-0.3,-0.07,,,
Matthew Smith,MF,Wales,23,1999,0,0,0,0,3,,,,,,,,,,,,,,,,,
Matthias Ginter,DF,Germany,28,1994,1,0,0,1,2,1.0,1.0,0.4,0.0,,3.0,0.0,0.0,0.0,0.0,0.5,0.0,0.5,46.61,-0.33,44.55,1.0
Matthijs de Ligt,DF,Netherlands,23,1999,2,1,1,1,3,91.0,46.0,19.0,1.0,90.0,3.0,2.0,0.0,2.0,1.98,0.7,1.0,-0.3,-0.29,1.05,-0.02,1.0
Matty Cash,DF,Poland,25,1997,4,4,4,0,0,360.0,90.0,100.0,4.0,90.0,1.0,3.0,5.0,-2.0,-0.5,4.5,7.3,-2.7,-0.69,,,
Mattéo Guendouzi,FW,France,23,1999,1,1,0,0,6,78.0,78.0,11.8,0.9,78.0,0.0,0.0,1.0,-1.0,-1.15,0.2,0.5,-0.3,-0.35,-2.55,-0.97,
Matías Vecino,MF,Uruguay,31,1991,3,2,0,1,0,195.0,65.0,72.2,2.2,69.0,1.33,0.0,1.0,-1.0,-0.46,1.6,1.7,0.0,-0.01,-1.66,-0.22,57.0
Matías Viña,DF,Uruguay,25,1997,2,0,0,2,1,17.0,9.0,6.3,0.2,,0.5,0.0,1.0,-1.0,-5.29,0.2,1.0,-0.8,-4.38,-5.65,-4.73,9.0
Maxi Gómez,FW,Uruguay,26,1996,2,0,0,2,1,30.0,15.0,11.1,0.3,,1.5,0.0,1.0,-1.0,-3.0,0.6,1.6,-0.9,-2.77,-3.37,-3.17,15.0
Maya Yoshida,DF,Japan,34,1988,4,4,4,0,0,390.0,98.0,100.0,4.3,98.0,1.75,5.0,4.0,1.0,0.23,5.0,5.7,-0.7,-0.17,,-0.17,
Mehdi Taremi,FW,IR Iran,30,1992,3,3,3,0,0,270.0,90.0,100.0,3.0,90.0,1.0,4.0,7.0,-3.0,-1.0,3.2,4.2,-0.9,-0.32,,,
Mehdi Torabi,MF,IR Iran,28,1994,3,0,0,3,0,62.0,21.0,23.0,0.7,,1.0,4.0,2.0,2.0,2.9,1.9,1.5,0.5,0.68,5.07,1.29,21.0
Memphis,FW,Netherlands,28,1994,5,3,0,2,0,297.0,59.0,61.9,3.3,74.0,2.2,7.0,4.0,3.0,0.91,3.7,4.8,-1.0,-0.31,-0.57,-0.09,37.0
Meshaal Barsham,GK,Qatar,24,1998,2,2,2,0,1,180.0,90.0,66.7,2.0,90.0,0.0,1.0,5.0,-4.0,-2.0,1.1,2.4,-1.3,-0.63,0.0,0.23,
Michael Estrada,FW,Ecuador,26,1996,3,3,0,0,0,225.0,75.0,83.3,2.5,75.0,1.33,3.0,2.0,1.0,0.4,2.9,2.0,0.9,0.36,0.4,-0.19,
MichaÅ SkóraÅś,MF,Poland,22,2000,1,0,0,1,3,45.0,45.0,12.5,0.5,,0.0,0.0,2.0,-2.0,-4.0,0.1,1.7,-1.6,-3.22,-4.0,-2.89,45.0
Michel Aebischer,MF,Switzerland,25,1997,1,0,0,1,3,16.0,16.0,4.4,0.2,,0.0,0.0,1.0,-1.0,-5.63,0.0,0.4,-0.4,-2.14,-4.84,-2.32,16.0
Michy Batshuayi,FW,Belgium,29,1993,2,2,0,0,1,151.0,76.0,55.9,1.7,76.0,1.5,1.0,1.0,0.0,0.0,1.5,3.2,-1.7,-1.04,0.76,-2.48,
Miki Yamane,DF,Japan,28,1993,1,1,0,0,3,61.0,61.0,15.6,0.7,61.0,0.0,0.0,0.0,0.0,0.0,0.4,0.0,0.3,0.48,-0.27,0.75,
Mikkel Damsgaard,MF,Denmark,22,2000,3,1,0,2,0,150.0,50.0,55.6,1.7,72.0,0.33,1.0,2.0,-1.0,-0.6,2.0,1.7,0.3,0.16,0.15,1.25,39.0
Milad Mohammadi,DF,IR Iran,29,1993,3,3,1,0,0,196.0,65.0,72.6,2.2,65.0,1.0,2.0,5.0,-3.0,-1.38,1.6,2.8,-1.2,-0.54,-1.38,-0.81,
Milan Borjan,GK,Canada,35,1987,3,3,3,0,0,270.0,90.0,100.0,3.0,90.0,0.0,2.0,7.0,-5.0,-1.67,4.2,3.9,0.3,0.11,,,
Miloš Degenek,DF,Australia,28,1994,4,2,1,2,0,183.0,46.0,50.8,2.0,81.0,1.5,1.0,2.0,-1.0,-0.49,0.7,2.0,-1.3,-0.65,0.02,1.18,11.0
Miloš Veljkovič,DF,Serbia,27,1995,3,3,1,0,0,221.0,74.0,81.9,2.5,74.0,0.33,5.0,8.0,-3.0,-1.22,3.0,6.2,-3.2,-1.3,-1.22,0.09,
Mislav Oršič,FW,Croatia,29,1992,6,1,0,5,1,162.0,27.0,23.5,1.8,89.0,1.5,4.0,2.0,2.0,1.11,1.9,2.1,-0.2,-0.13,1.28,0.5,15.0
Mitchell Duke,FW,Australia,31,1991,4,4,0,0,0,270.0,68.0,75.0,3.0,68.0,1.5,3.0,4.0,-1.0,-0.33,1.7,4.0,-2.3,-0.77,0.67,1.82,
Mohamed Ali Ben Romdhane,MF,Tunisia,23,1999,1,1,0,0,2,73.0,73.0,27.0,0.8,73.0,3.0,1.0,0.0,1.0,1.23,0.5,0.2,0.3,0.37,1.69,0.74,
Mohamed Dräger,DF,Tunisia,26,1996,2,2,0,0,1,132.0,66.0,48.9,1.5,66.0,0.5,0.0,1.0,-1.0,-0.68,1.2,1.7,-0.5,-0.32,-1.33,-0.3,
Mohamed Kanno,MF,Saudi Arabia,28,1994,3,3,3,0,0,270.0,90.0,100.0,3.0,90.0,1.0,3.0,5.0,-2.0,-0.67,3.0,6.0,-3.0,-1.01,,,
Mohammed Al Yami,GK,Saudi Arabia,25,1997,0,0,0,0,3,,,,,,,,,,,,,,,,,
Mohammed Al-Breik,DF,Saudi Arabia,30,1992,2,1,0,1,0,65.0,33.0,24.1,0.7,64.0,1.5,0.0,1.0,-1.0,-1.38,1.4,0.6,0.8,1.16,-0.95,2.86,1.0
Mohammed Al-Owais,GK,Saudi Arabia,31,1991,3,3,3,0,0,270.0,90.0,100.0,3.0,90.0,1.0,3.0,5.0,-2.0,-0.67,3.0,6.0,-3.0,-1.01,,,
Mohammed Muntari,FW,Qatar,28,1993,3,0,0,3,0,63.0,21.0,23.3,0.7,,0.0,1.0,1.0,0.0,0.0,0.3,0.3,0.0,0.02,2.61,0.95,21.0
Mohammed Salisu,DF,Ghana,23,1999,3,3,3,0,0,270.0,90.0,100.0,3.0,90.0,1.0,5.0,7.0,-2.0,-0.67,4.1,5.6,-1.4,-0.48,,,
Mohammed Waad,MF,Qatar,23,1999,2,0,0,2,1,28.0,14.0,10.4,0.3,,0.0,0.0,1.0,-1.0,-3.21,0.2,0.3,-0.1,-0.17,-1.35,0.6,14.0
Moisés Caicedo,MF,Ecuador,21,2001,3,3,2,0,0,269.0,90.0,99.6,3.0,90.0,1.33,4.0,3.0,1.0,0.33,3.7,2.6,1.1,0.37,0.33,-4.79,
Moisés Ramírez,GK,Ecuador,22,2000,0,0,0,0,3,,,,,,,,,,,,,,,,,
Montassar Talbi,DF,Tunisia,24,1998,3,3,3,0,0,270.0,90.0,100.0,3.0,90.0,1.33,1.0,1.0,0.0,0.0,2.3,2.8,-0.5,-0.17,,,
Morteza Pouraliganji,DF,IR Iran,30,1992,3,3,3,0,0,270.0,90.0,100.0,3.0,90.0,1.0,4.0,7.0,-3.0,-1.0,3.2,4.2,-0.9,-0.32,,,
Mostafa Meshaal,MF,Qatar,21,2001,0,0,0,0,3,,,,,,,,,,,,,,,,,
Mouez Hassen,GK,Tunisia,27,1995,0,0,0,0,3,,,,,,,,,,,,,,,,,
Moumi Ngamaleu,FW,Cameroon,28,1994,2,1,0,1,1,95.0,48.0,35.2,1.1,85.0,1.5,0.0,0.0,0.0,0.0,0.3,1.7,-1.4,-1.29,0.0,-0.78,10.0
Moussa N'Diaye,DF,Senegal,20,2002,0,0,0,0,4,,,,,,,,,,,,,,,,,
Moustapha Name,MF,Senegal,27,1995,0,0,0,0,4,,,,,,,,,,,,,,,,,
Munir,GK,Morocco,33,1989,1,1,1,0,6,90.0,90.0,13.6,1.0,90.0,3.0,2.0,0.0,2.0,2.0,1.5,1.0,0.5,0.52,2.16,0.74,
Musab Kheder,DF,Qatar,29,1993,1,0,0,1,2,6.0,6.0,2.2,0.1,,0.0,0.0,0.0,0.0,0.0,0.0,0.0,0.0,-0.07,2.05,0.65,6.0
Na Sang-ho,FW,Korea Republic,26,1996,2,1,0,1,2,119.0,60.0,33.1,1.3,74.0,0.5,2.0,1.0,1.0,0.76,1.9,0.9,1.1,0.8,2.25,2.13,45.0
Nader Ghandri,DF,Tunisia,27,1995,1,1,1,0,2,90.0,90.0,33.3,1.0,90.0,3.0,1.0,0.0,1.0,1.0,0.5,0.8,-0.3,-0.3,1.5,-0.2,
Nahuel Molina,DF,Argentina,24,1998,7,6,2,1,0,567.0,81.0,82.2,6.3,90.0,2.0,14.0,7.0,7.0,1.11,12.3,2.6,9.7,1.54,1.11,0.9,28.0
Naif Al-Hadhrami,MF,Qatar,21,2001,0,0,0,0,3,,,,,,,,,,,,,,,,,
Nampalys Mendy,MF,Senegal,30,1992,4,3,2,1,0,272.0,68.0,75.6,3.0,85.0,1.5,2.0,5.0,-3.0,-0.99,2.3,2.6,-0.3,-0.1,-2.02,-1.49,16.0
Nasser Al-Dawsari,FW,Saudi Arabia,23,1998,1,0,0,1,2,5.0,5.0,1.9,0.1,,0.0,0.0,0.0,0.0,0.0,0.1,0.2,-0.1,-2.08,0.68,-1.09,5.0
Nathan Aké,DF,Netherlands,27,1995,5,5,4,0,0,479.0,96.0,99.8,5.3,96.0,2.2,10.0,4.0,6.0,1.13,4.6,6.0,-1.4,-0.28,1.13,-0.06,
Nathaniel Atkinson,DF,Australia,23,1999,1,1,0,0,2,84.0,84.0,23.3,0.9,84.0,0.0,1.0,4.0,-3.0,-3.21,0.5,3.7,-3.2,-3.39,-3.54,-2.82,
Nawaf Al Abed,MF,Saudi Arabia,32,1990,2,0,0,2,1,88.0,44.0,32.6,1.0,,1.5,2.0,1.0,1.0,1.02,0.9,2.3,-1.4,-1.45,2.51,-0.64,44.0
Nawaf Al Aqidi,GK,Saudi Arabia,22,2000,0,0,0,0,3,,,,,,,,,,,,,,,,,
Nayef Aguerd,DF,Morocco,26,1996,4,4,3,0,2,353.0,88.0,53.5,3.9,88.0,2.0,4.0,1.0,3.0,0.76,2.6,3.2,-0.6,-0.14,1.35,-0.07,
Naïm Sliti,MF,Tunisia,30,1992,2,1,1,1,1,114.0,57.0,42.2,1.3,90.0,0.5,0.0,1.0,-1.0,-0.79,0.9,1.7,-0.7,-0.59,-1.37,-0.73,24.0
Neco Williams,DF,Wales,21,2001,3,3,1,0,0,204.0,68.0,75.6,2.3,68.0,0.33,0.0,3.0,-3.0,-1.32,1.5,2.7,-1.2,-0.53,1.4,0.37,
Nemanja Gudelj,MF,Serbia,31,1991,2,1,0,1,1,92.0,46.0,34.1,1.0,56.0,0.0,0.0,0.0,0.0,0.0,0.3,2.1,-1.9,-1.83,1.52,-0.79,36.0
Nemanja Maksimovič,MF,Serbia,27,1995,3,1,1,2,0,122.0,41.0,45.2,1.4,90.0,0.33,3.0,3.0,0.0,0.0,2.1,2.6,-0.5,-0.35,1.82,1.76,16.0
Nemanja Radonjič,DF,Serbia,26,1996,3,0,0,3,0,60.0,20.0,22.2,0.7,,0.33,0.0,2.0,-2.0,-3.0,0.4,1.7,-1.3,-1.93,-2.57,-0.79,20.0
Neymar,MF,Brazil,30,1992,3,3,1,0,0,279.0,93.0,58.1,3.1,93.0,2.33,7.0,2.0,5.0,1.61,8.0,1.2,6.8,2.47,1.61,1.26,
Nick Pope,GK,England,30,1992,0,0,0,0,5,,,,,,,,,,,,,,,,,
Niclas Füllkrug,FW,Germany,29,1993,3,0,0,3,0,69.0,23.0,25.6,0.8,,1.33,4.0,3.0,1.0,1.3,5.9,1.1,4.8,6.25,1.3,5.42,23.0
Nico Elvedi,DF,Switzerland,26,1996,2,2,2,0,1,180.0,90.0,50.0,2.0,90.0,1.5,1.0,1.0,0.0,0.0,1.7,1.8,0.0,-0.01,2.0,-0.18,
Nico Schlotterbeck,DF,Germany,23,1999,2,1,1,1,1,94.0,47.0,34.8,1.0,90.0,0.5,1.0,2.0,-1.0,-0.96,3.1,1.5,1.6,1.54,-1.98,-1.04,4.0
Nico Williams,FW,Spain,20,2002,4,1,0,3,0,146.0,37.0,37.4,1.6,56.0,1.25,4.0,3.0,1.0,0.62,2.0,2.6,-0.6,-0.38,-1.23,-1.61,30.0
Nicola Zalewski,MF,Poland,20,2002,2,1,0,1,2,65.0,33.0,18.1,0.7,45.0,0.5,1.0,2.0,-1.0,-1.38,1.0,0.6,0.4,0.58,-1.08,1.55,20.0
Nicolas Jackson,FW,Senegal,21,2001,1,0,0,1,3,17.0,17.0,4.7,0.2,,0.0,0.0,2.0,-2.0,-10.59,0.4,0.3,0.1,0.33,-10.59,0.08,17.0
Nicolas Nkoulou,DF,Cameroon,32,1990,2,2,2,0,0,180.0,90.0,66.7,2.0,90.0,0.5,3.0,4.0,-1.0,-0.5,3.0,3.3,-0.4,-0.18,-1.5,1.8,
Nicolás De La Cruz,MF,Uruguay,25,1997,2,0,0,2,1,38.0,19.0,14.1,0.4,,2.0,0.0,0.0,0.0,0.0,0.4,0.7,-0.3,-0.74,0.0,-0.91,19.0
Nicolás Otamendi,DF,Argentina,34,1988,7,7,7,0,0,690.0,99.0,100.0,7.7,99.0,2.0,15.0,8.0,7.0,0.91,15.2,4.6,10.6,1.51,,1.51,
Nicolás Tagliafico,DF,Argentina,30,1992,6,3,1,3,1,373.0,62.0,54.1,4.1,93.0,1.83,8.0,8.0,0.0,0.0,9.8,3.5,6.3,1.66,-1.99,0.56,31.0
Niklas Süle,DF,Germany,27,1995,3,3,2,0,0,269.0,90.0,99.6,3.0,90.0,1.33,6.0,5.0,1.0,0.33,9.5,3.4,6.1,2.05,0.33,-44.55,
Nikola Milenkovič,DF,Serbia,25,1997,3,3,3,0,0,270.0,90.0,100.0,3.0,90.0,0.33,5.0,8.0,-3.0,-1.0,3.4,7.3,-3.9,-1.32,,,
Nikola Vlašič,FW,Croatia,25,1997,6,1,0,5,1,209.0,35.0,30.3,2.3,45.0,1.5,2.0,2.0,0.0,0.0,2.5,3.3,-0.7,-0.43,-0.19,0.13,33.0
Noa Lang,MF,Netherlands,23,1999,1,0,0,1,4,8.0,8.0,1.7,0.1,,1.0,0.0,0.0,0.0,0.0,0.0,0.4,-0.4,,-1.14,,8.0
Noah Okafor,FW,Switzerland,22,2000,3,0,0,3,0,45.0,15.0,12.5,0.5,,2.0,0.0,2.0,-2.0,-4.0,0.4,0.5,-0.1,-0.15,-3.43,-0.26,15.0
Nouhou Tolo,DF,Cameroon,25,1997,3,3,3,0,0,270.0,90.0,100.0,3.0,90.0,1.33,4.0,4.0,0.0,0.0,3.4,5.8,-2.3,-0.78,,,
Noussair Mazraoui,DF,Morocco,25,1997,5,5,2,0,0,365.0,73.0,55.3,4.1,73.0,1.6,4.0,2.0,2.0,0.49,2.7,4.2,-1.5,-0.37,0.8,-0.58,
Nuno Mendes,DF,Portugal,20,2002,1,1,0,0,0,41.0,41.0,9.1,0.5,41.0,3.0,0.0,0.0,0.0,0.0,0.2,0.6,-0.4,-0.88,-1.32,-1.24,
Néstor Araujo,DF,Mexico,31,1991,1,1,1,0,2,90.0,90.0,33.3,1.0,90.0,0.0,0.0,2.0,-2.0,-2.0,0.3,0.3,-0.1,-0.05,-2.5,-0.53,
Oliver Christensen,GK,Denmark,23,1999,0,0,0,0,3,,,,,,,,,,,,,,,,,
Olivier Giroud,FW,France,36,1986,6,6,1,0,1,419.0,70.0,63.5,4.7,70.0,2.67,10.0,4.0,6.0,1.29,8.3,5.6,2.7,0.57,0.54,0.19,
Olivier Mbaizo,DF,Cameroon,25,1997,0,0,0,0,3,,,,,,,,,,,,,,,,,
Olivier Ntcham,MF,Cameroon,26,1996,1,0,0,1,2,25.0,25.0,9.3,0.3,,3.0,1.0,0.0,1.0,3.6,0.2,1.2,-1.0,-3.84,3.97,-3.34,25.0
Orbelín Pineda,MF,Mexico,26,1996,1,1,0,0,2,76.0,76.0,28.1,0.8,76.0,3.0,2.0,0.0,2.0,2.37,1.9,0.4,1.4,1.71,3.76,1.96,
Osman Bukari,MF,Ghana,24,1998,2,0,0,2,1,59.0,30.0,21.9,0.7,,0.0,1.0,2.0,-1.0,-1.53,1.2,1.0,0.2,0.33,-1.1,1.03,30.0
Otávio,MF,Portugal,27,1995,3,3,0,0,0,196.0,65.0,43.6,2.2,65.0,2.0,5.0,2.0,3.0,1.38,3.3,2.0,1.3,0.61,0.31,0.63,
Ousmane Dembélé,FW,France,25,1997,7,6,0,1,0,433.0,62.0,65.6,4.8,70.0,2.29,10.0,5.0,5.0,1.04,9.2,5.2,4.0,0.82,-0.15,0.92,12.0
Pablo Sarabia,FW,Spain,30,1992,1,0,0,1,3,3.0,3.0,0.8,0.0,,1.0,0.0,0.0,0.0,0.0,0.3,0.0,0.3,,-1.4,,3.0
Paik Seung-ho,MF,Korea Republic,25,1997,1,0,0,1,3,26.0,26.0,7.2,0.3,,0.0,1.0,0.0,1.0,3.46,0.2,0.3,-0.1,-0.3,4.54,0.36,26.0
Pape Abou Cissé,DF,Senegal,27,1995,3,1,1,2,1,105.0,35.0,29.2,1.2,90.0,2.0,1.0,3.0,-2.0,-1.71,1.1,0.9,0.2,0.18,-1.71,-0.11,8.0
Pape Gueye,MF,Senegal,23,1999,3,1,1,2,1,153.0,51.0,42.5,1.7,90.0,1.0,2.0,4.0,-2.0,-1.18,2.8,1.5,1.3,0.76,-1.18,0.87,32.0
Pape Matar Sarr,MF,Senegal,20,2002,2,0,0,2,2,59.0,30.0,16.4,0.7,,1.5,1.0,2.0,-1.0,-1.53,0.5,0.6,0.0,-0.07,-1.23,-0.39,30.0
Papu Gómez,MF,Argentina,34,1988,2,2,0,0,4,107.0,54.0,15.5,1.2,54.0,1.5,2.0,2.0,0.0,0.0,1.1,0.2,0.9,0.72,-1.08,-0.78,
Pathé Ciss,MF,Senegal,28,1994,3,2,0,1,1,146.0,49.0,40.6,1.6,60.0,2.0,3.0,4.0,-1.0,-0.62,2.8,2.0,0.8,0.48,-0.2,0.38,27.0
Patrick Sequeira,GK,Costa Rica,23,1999,0,0,0,0,3,,,,,,,,,,,,,,,,,
Pau Torres,DF,Spain,25,1997,1,1,1,0,3,90.0,90.0,23.1,1.0,90.0,0.0,1.0,2.0,-1.0,-1.0,1.0,1.4,-0.4,-0.42,-3.1,-1.36,
Paulo Dybala,FW,Argentina,29,1993,2,0,0,2,5,18.0,9.0,2.6,0.2,,2.0,0.0,0.0,0.0,0.0,0.4,0.4,0.0,0.04,-0.94,-1.38,9.0
Payam Niazmand,GK,IR Iran,27,1995,0,0,0,0,3,,,,,,,,,,,,,,,,,
Pedri,MF,Spain,20,2002,4,4,3,0,0,356.0,89.0,91.3,4.0,89.0,1.25,6.0,3.0,3.0,0.76,5.3,3.4,1.9,0.52,-7.18,-0.69,
Pedro,FW,Brazil,25,1997,2,0,0,2,3,64.0,32.0,13.3,0.7,,0.5,1.0,2.0,-1.0,-1.41,2.5,0.5,2.0,5.36,-2.7,3.77,32.0
Pepe,DF,Portugal,39,1983,4,4,4,0,1,360.0,90.0,80.0,4.0,90.0,1.5,9.0,4.0,5.0,1.25,5.8,5.6,0.2,0.05,0.25,-1.03,
Pervis Estupiñán,DF,Ecuador,24,1998,3,3,3,0,0,270.0,90.0,100.0,3.0,90.0,1.33,4.0,3.0,1.0,0.33,3.7,2.6,1.2,0.39,,,
Phil Foden,FW,England,22,2000,4,3,1,1,1,258.0,65.0,57.3,2.9,79.0,2.25,9.0,3.0,6.0,2.09,6.6,2.8,3.8,1.32,0.69,0.93,20.0
Philipp Köhn,GK,Switzerland,24,1998,0,0,0,0,3,,,,,,,,,,,,,,,,,
Piero Hincapié,DF,Ecuador,20,2002,3,3,3,0,0,270.0,90.0,100.0,3.0,90.0,1.33,4.0,3.0,1.0,0.33,3.7,2.6,1.2,0.39,,,
Pierre Højbjerg,MF,Denmark,27,1995,3,3,3,0,0,270.0,90.0,100.0,3.0,90.0,0.33,1.0,3.0,-2.0,-0.67,2.7,3.9,-1.2,-0.39,,,
Pierre Kunde,MF,Cameroon,27,1995,2,2,0,0,1,131.0,66.0,48.5,1.5,66.0,2.0,3.0,3.0,0.0,0.0,2.4,2.7,-0.3,-0.22,0.0,1.11,
Piotr Zieliński,MF,Poland,28,1994,4,4,2,0,0,328.0,82.0,91.1,3.6,82.0,1.0,2.0,5.0,-3.0,-0.82,3.2,6.9,-3.7,-1.02,-3.64,-3.85,
Predrag Rajkovič,GK,Serbia,27,1995,0,0,0,0,2,,,0.0,0.0,,0.0,2.0,3.0,-1.0,,,,,,,,
PrzemysÅaw Frankowski,MF,Poland,27,1995,4,3,1,1,0,240.0,60.0,66.7,2.7,74.0,1.0,2.0,2.0,0.0,0.0,2.7,4.9,-2.2,-0.84,1.5,-0.46,19.0
Rafael Leão,FW,Portugal,23,1999,5,0,0,5,0,88.0,18.0,19.6,1.0,,1.8,4.0,2.0,2.0,2.05,2.1,2.4,-0.3,-0.27,1.05,-0.65,18.0
Raheem Sterling,FW,England,28,1994,3,2,0,1,1,149.0,50.0,33.1,1.7,69.0,1.33,4.0,1.0,3.0,1.81,2.4,1.0,1.5,0.88,0.02,-0.06,12.0
Ramin Rezaeian,DF,IR Iran,32,1990,2,2,2,0,1,180.0,90.0,66.7,2.0,90.0,1.5,2.0,1.0,1.0,0.5,1.9,2.0,-0.2,-0.1,4.5,0.66,
Randal Kolo Muani,FW,France,24,1998,3,1,1,2,4,182.0,61.0,27.6,2.0,90.0,1.33,4.0,2.0,2.0,0.99,3.7,2.9,0.8,0.49,-0.14,-0.02,46.0
Raphaël Guerreiro,DF,Portugal,28,1993,4,3,2,1,1,279.0,70.0,62.0,3.1,77.0,2.25,11.0,4.0,7.0,2.26,5.6,3.6,2.1,0.66,2.78,1.07,49.0
Raphaël Varane,DF,France,29,1993,6,6,3,0,1,518.0,86.0,78.5,5.8,86.0,2.17,10.0,7.0,3.0,0.52,7.0,9.2,-2.1,-0.37,-2.65,-4.06,
Raphinha,FW,Brazil,26,1996,5,4,1,1,0,315.0,63.0,65.6,3.5,76.0,2.0,6.0,2.0,4.0,1.14,8.1,1.4,6.7,1.91,0.6,0.16,12.0
Rasmus Nissen,DF,Denmark,25,1997,3,3,1,0,0,224.0,75.0,83.0,2.5,75.0,0.33,1.0,2.0,-1.0,-0.4,2.3,3.4,-1.1,-0.44,1.55,-0.28,
Raúl Jiménez,FW,Mexico,31,1991,3,0,0,3,0,59.0,20.0,21.9,0.7,,1.33,0.0,2.0,-2.0,-3.05,0.5,0.9,-0.4,-0.65,-3.48,-1.22,20.0
Remko Pasveer,GK,Netherlands,39,1983,0,0,0,0,5,,,,,,,,,,,,,,,,,
Remo Freuler,MF,Switzerland,30,1992,4,4,3,0,0,323.0,81.0,89.7,3.6,81.0,1.5,4.0,6.0,-2.0,-0.56,4.8,4.7,0.1,0.03,4.31,-0.44,
Renato Steffen,FW,Switzerland,31,1991,1,0,0,1,2,32.0,32.0,8.9,0.4,,0.0,0.0,1.0,-1.0,-2.81,0.1,0.5,-0.4,-1.03,-1.99,-1.22,32.0
Ricardo Horta,FW,Portugal,28,1994,3,1,1,2,2,119.0,40.0,26.4,1.3,90.0,1.0,2.0,2.0,0.0,0.0,1.6,2.4,-0.8,-0.58,-1.63,-1.13,15.0
Ricardo Rodríguez,DF,Switzerland,30,1992,4,4,3,0,0,359.0,90.0,99.7,4.0,90.0,1.5,5.0,9.0,-4.0,-1.0,5.5,5.3,0.1,0.03,-1.0,-17.07,
Richarlison,FW,Brazil,25,1997,4,4,1,0,1,323.0,81.0,67.3,3.6,81.0,2.5,6.0,1.0,5.0,1.39,7.6,1.3,6.4,1.77,1.39,-0.27,
Richie Laryea,DF,Canada,27,1995,3,2,0,1,0,160.0,53.0,59.3,1.8,67.0,0.0,1.0,3.0,-2.0,-1.13,3.2,1.6,1.6,0.88,1.33,1.89,26.0
Riley McGree,FW,Australia,24,1998,4,4,0,0,0,265.0,66.0,73.6,2.9,66.0,1.5,3.0,6.0,-3.0,-1.02,1.7,5.2,-3.5,-1.17,-1.97,0.21,
Ritsu Doan,FW,Japan,24,1998,4,2,0,2,0,217.0,54.0,55.6,2.4,76.0,1.75,5.0,1.0,4.0,1.66,3.9,2.0,1.9,0.78,3.22,2.11,33.0
Riyadh Sharahili,MF,Saudi Arabia,29,1993,1,0,0,1,0,54.0,54.0,20.0,0.6,,0.0,1.0,2.0,-1.0,-1.67,1.0,1.5,-0.5,-0.79,-1.25,0.27,54.0
Roan Wilson,MF,Costa Rica,20,2002,1,0,0,1,2,1.0,1.0,0.4,0.0,,0.0,0.0,0.0,0.0,0.0,0.0,0.5,-0.5,-46.61,2.68,-43.87,1.0
Robert Arboleda,DF,Ecuador,31,1991,0,0,0,0,3,,,,,,,,,,,,,,,,,
Robert Gumny,DF,Poland,24,1998,0,0,0,0,4,,,,,,,,,,,,,,,,,
Robert Lewandowski,FW,Poland,34,1988,4,4,4,0,0,360.0,90.0,100.0,4.0,90.0,1.0,3.0,5.0,-2.0,-0.5,4.5,7.3,-2.7,-0.69,,,
Robert Skov,DF,Denmark,26,1996,1,0,0,1,2,22.0,22.0,8.1,0.2,,0.0,0.0,0.0,0.0,0.0,0.2,0.0,0.2,0.67,0.73,1.16,22.0
Robert Sánchez,GK,Spain,25,1997,0,0,0,0,4,,,,,,,,,,,,,,,,,
Roberto Alvarado,FW,Mexico,24,1998,1,0,0,1,2,18.0,18.0,6.7,0.2,,0.0,0.0,1.0,-1.0,-5.0,0.0,0.0,0.0,-0.22,-5.0,-0.55,18.0
Rodolfo Cota,GK,Mexico,35,1987,0,0,0,0,3,,,,,,,,,,,,,,,,,
Rodri,DF,Spain,26,1996,4,4,4,0,0,390.0,98.0,100.0,4.3,98.0,1.25,9.0,3.0,6.0,1.38,6.2,3.4,2.7,0.68,,0.68,
Rodrigo Bentancur,MF,Uruguay,25,1997,3,3,2,0,0,213.0,71.0,78.9,2.4,71.0,1.33,2.0,2.0,0.0,0.0,3.2,2.8,0.4,0.18,0.0,0.63,
Rodrigo De Paul,MF,Argentina,28,1994,7,7,4,0,0,599.0,86.0,86.8,6.7,86.0,2.0,13.0,5.0,8.0,1.2,12.4,2.9,9.4,1.42,2.19,0.29,
Rodrygo,MF,Brazil,21,2001,5,1,0,4,0,181.0,36.0,37.7,2.0,54.0,2.0,2.0,1.0,1.0,0.5,4.2,0.9,3.3,1.98,-0.71,0.18,32.0
Rogelio Funes Mori,FW,Mexico,31,1991,1,0,0,1,2,5.0,5.0,1.9,0.1,,3.0,0.0,1.0,-1.0,-18.0,0.2,0.6,-0.5,-8.77,-18.0,-9.24,5.0
Romain Saïss,DF,Morocco,32,1990,6,6,4,0,1,466.0,78.0,70.6,5.2,78.0,1.83,5.0,2.0,3.0,0.58,4.0,4.3,-0.4,-0.07,1.51,0.11,
Romario Ibarra,MF,Ecuador,28,1994,2,1,0,1,1,68.0,34.0,25.2,0.8,67.0,2.0,2.0,0.0,2.0,2.65,1.2,0.3,0.9,1.21,3.09,1.1,1.0
Romelu Lukaku,FW,Belgium,29,1993,2,0,0,2,0,55.0,28.0,20.4,0.6,,0.5,0.0,1.0,-1.0,-1.64,2.1,0.8,1.3,2.2,-1.64,2.7,28.0
Roozbeh Cheshmi,DF,IR Iran,29,1993,2,1,0,1,1,58.0,29.0,21.5,0.6,45.0,1.5,2.0,3.0,-1.0,-1.55,0.6,1.1,-0.4,-0.63,-0.7,-0.41,13.0
Ruben Vargas,FW,Switzerland,24,1998,4,4,0,0,0,285.0,71.0,79.2,3.2,71.0,1.5,5.0,6.0,-1.0,-0.32,4.9,4.3,0.6,0.18,3.28,0.47,
Rubin Colwill,MF,Wales,20,2002,1,0,0,1,2,10.0,10.0,3.7,0.1,,0.0,0.0,0.0,0.0,0.0,0.2,0.3,-0.1,-1.24,1.73,-0.64,10.0
Rui Patrício,GK,Portugal,34,1988,0,0,0,0,5,,,,,,,,,,,,,,,,,
Ró-Ró,DF,Qatar,32,1990,3,3,2,0,0,262.0,87.0,97.0,2.9,87.0,0.0,1.0,6.0,-5.0,-1.72,1.3,3.3,-2.1,-0.72,9.53,-0.22,
Rónald Matarrita,DF,Costa Rica,28,1994,2,0,0,2,1,26.0,13.0,9.6,0.3,,0.0,0.0,4.0,-4.0,-13.85,0.0,3.4,-3.3,-11.51,-12.37,-9.53,13.0
Rúben Dias,DF,Portugal,25,1997,4,4,4,0,1,360.0,90.0,80.0,4.0,90.0,2.25,11.0,4.0,7.0,1.75,6.5,4.8,1.7,0.42,2.75,0.84,
Rúben Neves,MF,Portugal,25,1997,5,4,0,1,0,268.0,54.0,59.6,3.0,65.0,1.8,4.0,3.0,1.0,0.34,3.3,2.9,0.4,0.13,-2.14,-0.3,10.0
Saad Al Sheeb,GK,Qatar,32,1990,1,1,1,0,2,90.0,90.0,33.3,1.0,90.0,0.0,0.0,2.0,-2.0,-2.0,0.3,1.2,-0.9,-0.86,0.0,-0.23,
Sadegh Moharrami,DF,IR Iran,26,1996,1,1,1,0,2,90.0,90.0,33.3,1.0,90.0,0.0,2.0,6.0,-4.0,-4.0,1.4,2.1,-0.8,-0.75,-4.5,-0.66,
Saeid Ezatolahi,MF,IR Iran,26,1996,3,2,1,1,0,217.0,72.0,80.4,2.4,86.0,1.0,2.0,4.0,-2.0,-0.83,2.6,3.1,-0.5,-0.22,0.87,0.47,45.0
Saleh Al-Shehri,FW,Saudi Arabia,29,1993,3,3,0,0,0,223.0,74.0,82.6,2.5,74.0,1.0,2.0,5.0,-3.0,-1.21,2.1,4.8,-2.7,-1.09,-3.13,-0.46,
Salem Al-Dawsari,MF,Saudi Arabia,31,1991,3,3,3,0,0,270.0,90.0,100.0,3.0,90.0,1.0,3.0,5.0,-2.0,-0.67,3.0,6.0,-3.0,-1.01,,,
Salem Al-Hajri,MF,Qatar,26,1996,0,0,0,0,3,,,,,,,,,,,,,,,,,
Salis Abdul Samed,MF,Ghana,22,2000,3,3,1,0,0,250.0,83.0,92.6,2.8,83.0,1.0,5.0,7.0,-2.0,-0.72,3.5,5.3,-1.8,-0.66,-0.72,-2.41,
Salman Al-Faraj,MF,Saudi Arabia,33,1989,1,1,0,0,0,44.0,44.0,16.3,0.5,44.0,3.0,0.0,1.0,-1.0,-2.05,0.0,1.0,-1.0,-2.09,-1.65,-1.29,
Sam Adekugbe,DF,Canada,27,1995,3,1,0,2,0,95.0,32.0,35.2,1.1,59.0,0.0,1.0,3.0,-2.0,-1.89,1.0,1.7,-0.8,-0.74,-0.35,-1.31,18.0
Saman Ghoddos,MF,IR Iran,29,1993,1,0,0,1,2,45.0,45.0,16.7,0.5,,0.0,0.0,0.0,0.0,0.0,0.4,0.3,0.1,0.21,1.2,0.63,45.0
Sami Al-Najei,MF,Saudi Arabia,25,1997,1,1,0,0,2,45.0,45.0,16.7,0.5,45.0,0.0,0.0,1.0,-1.0,-2.0,0.9,0.3,0.6,1.24,-1.6,2.69,
Samuel Oum Gouet,MF,Cameroon,25,1997,2,1,1,1,1,100.0,50.0,37.0,1.1,90.0,0.5,0.0,1.0,-1.0,-0.9,0.8,1.6,-0.8,-0.71,-1.43,0.12,10.0
Samuel Piette,MF,Canada,28,1994,0,0,0,0,3,,,,,,,,,,,,,,,,,
Sardar Azmoun,FW,IR Iran,27,1995,3,2,0,1,0,126.0,42.0,46.7,1.4,56.0,1.0,1.0,2.0,-1.0,-0.71,1.7,2.2,-0.5,-0.37,0.54,-0.1,14.0
Saud Abdulhamid,DF,Saudi Arabia,23,1999,3,3,3,0,0,270.0,90.0,100.0,3.0,90.0,1.0,3.0,5.0,-2.0,-0.67,3.0,6.0,-3.0,-1.01,,,
Saša Lukič,MF,Serbia,26,1996,3,3,2,0,0,245.0,82.0,90.7,2.7,82.0,0.33,5.0,7.0,-2.0,-0.73,3.2,6.8,-3.6,-1.33,2.87,-0.15,
Sean Johnson,GK,United States,33,1989,0,0,0,0,4,,,,,,,,,,,,,,,,,
Sebastian Szymański,MF,Poland,23,1999,2,2,0,0,2,134.0,67.0,37.2,1.5,67.0,0.5,0.0,1.0,-1.0,-0.67,1.6,1.7,-0.2,-0.12,-0.27,0.9,
Sebastián Coates,DF,Uruguay,32,1990,2,2,2,0,1,180.0,90.0,66.7,2.0,90.0,1.5,2.0,2.0,0.0,0.0,3.1,2.9,0.2,0.1,0.0,0.14,
Sebastián Sosa,GK,Uruguay,36,1986,0,0,0,0,3,,,,,,,,,,,,,,,,,
Seifeddine Jaziri,FW,Tunisia,29,1993,0,0,0,0,3,,,,,,,,,,,,,,,,,
Selim Amallah,MF,Morocco,26,1996,7,4,1,3,0,409.0,58.0,62.0,4.5,75.0,1.57,1.0,0.0,1.0,0.22,2.2,4.4,-2.2,-0.48,0.22,-0.98,36.0
Seny Dieng,GK,Senegal,28,1994,0,0,0,0,4,,,,,,,,,,,,,,,,,
Serge Gnabry,FW,Germany,27,1995,3,3,1,0,0,263.0,88.0,97.4,2.9,88.0,1.33,6.0,5.0,1.0,0.34,9.8,3.4,6.4,2.19,0.34,-1.25,
Sergej Milinkovič-Savič,MF,Serbia,27,1995,3,3,1,0,0,233.0,78.0,86.3,2.6,78.0,0.33,5.0,8.0,-3.0,-1.16,3.1,7.0,-3.9,-1.51,-1.16,-1.42,
Sergio Busquets,MF,Spain,34,1988,4,4,3,0,0,363.0,91.0,93.1,4.0,91.0,1.25,6.0,3.0,3.0,0.74,5.3,3.4,1.9,0.52,-9.26,-0.75,
Sergio Rochet,GK,Uruguay,29,1993,3,3,3,0,0,270.0,90.0,100.0,3.0,90.0,1.33,2.0,2.0,0.0,0.0,3.7,3.5,0.1,0.05,,,
Sergiño Dest,DF,United States,22,2000,4,4,0,0,0,305.0,76.0,84.7,3.4,76.0,1.25,2.0,2.0,0.0,0.0,3.4,2.2,1.2,0.34,1.64,2.71,
Shaquell Moore,DF,United States,26,1996,2,0,0,2,2,22.0,11.0,6.1,0.2,,2.0,0.0,0.0,0.0,0.0,0.1,0.5,-0.3,-1.39,0.27,-1.4,11.0
Shogo Taniguchi,DF,Japan,31,1991,2,2,2,0,2,210.0,105.0,53.8,2.3,105.0,2.0,3.0,2.0,1.0,0.43,2.7,2.5,0.2,0.09,0.43,0.45,
Shoja' Khalilzadeh,DF,IR Iran,33,1989,0,0,0,0,3,,,,,,,,,,,,,,,,,
Shuto Machino,FW,Japan,23,1999,0,0,0,0,4,,,,,,,,,,,,,,,,,
Shūichi Gonda,GK,Japan,33,1989,4,4,4,0,0,390.0,98.0,100.0,4.3,98.0,1.75,5.0,4.0,1.0,0.23,5.0,5.7,-0.7,-0.17,,-0.17,
Silvan Widmer,DF,Switzerland,29,1993,3,3,2,0,0,265.0,88.0,73.6,2.9,88.0,2.0,4.0,3.0,1.0,0.34,4.4,2.8,1.6,0.55,5.08,1.79,
Simon Kjær,DF,Denmark,33,1989,1,1,0,0,2,64.0,64.0,23.7,0.7,64.0,1.0,0.0,0.0,0.0,0.0,0.3,0.9,-0.5,-0.77,0.87,-0.49,
Simon Mignolet,GK,Belgium,34,1988,0,0,0,0,3,,,,,,,,,,,,,,,,,
Simon Ngapandouetnbu,GK,Cameroon,19,2003,0,0,0,0,3,,,,,,,,,,,,,,,,,
Sofiane Boufal,FW,Morocco,29,1993,7,7,0,0,0,475.0,68.0,72.0,5.3,68.0,1.57,4.0,4.0,0.0,0.0,3.3,4.4,-1.1,-0.21,-0.49,-0.35,
Sofyan Amrabat,MF,Morocco,26,1996,7,7,7,0,0,660.0,94.0,100.0,7.3,94.0,1.57,6.0,5.0,1.0,0.14,6.6,7.4,-0.8,-0.12,,-0.12,
Son Heung-min,FW,Korea Republic,30,1992,4,4,4,0,0,360.0,90.0,100.0,4.0,90.0,1.0,5.0,8.0,-3.0,-0.75,4.6,7.1,-2.5,-0.63,,,
Son Jun-ho,MF,Korea Republic,30,1992,3,0,0,3,1,72.0,24.0,20.0,0.8,,1.33,2.0,0.0,2.0,2.5,1.0,1.0,0.0,0.04,4.06,0.83,24.0
Song Bumkeun,GK,Korea Republic,25,1997,0,0,0,0,4,,,,,,,,,,,,,,,,,
Song Minkyu,FW,Korea Republic,23,1999,0,0,0,0,4,,,,,,,,,,,,,,,,,
Sorba Thomas,MF,Wales,23,1999,1,0,0,1,2,1.0,1.0,0.4,0.0,,1.0,0.0,0.0,0.0,0.0,0.0,0.0,0.0,0.0,1.67,0.63,1.0
SrÄđan Babič,DF,Serbia,26,1996,1,0,0,1,2,13.0,13.0,4.8,0.1,,1.0,0.0,0.0,0.0,0.0,0.1,0.1,0.1,0.57,1.05,1.98,13.0
Stefan Mitrovič,DF,Serbia,32,1990,1,0,0,1,2,35.0,35.0,13.0,0.4,,1.0,0.0,2.0,-2.0,-5.14,0.5,1.0,-0.6,-1.43,-4.76,-0.13,35.0
Stefan de Vrij,DF,Netherlands,30,1992,0,0,0,0,5,,,,,,,,,,,,,,,,,
Stephen Eustáquio,MF,Canada,25,1996,2,2,0,0,1,125.0,63.0,46.3,1.4,63.0,0.0,1.0,3.0,-2.0,-1.44,2.4,1.4,1.0,0.71,0.42,1.11,
Steve Mandanda,GK,France,37,1985,1,1,1,0,6,90.0,90.0,13.6,1.0,90.0,0.0,0.0,1.0,-1.0,-1.0,0.8,0.5,0.3,0.3,-2.42,-0.24,
Steven Berghuis,MF,Netherlands,30,1991,4,1,0,3,1,200.0,50.0,41.7,2.2,78.0,2.0,2.0,1.0,1.0,0.45,0.8,2.0,-1.2,-0.66,-1.16,-0.59,41.0
Steven Bergwijn,FW,Netherlands,25,1997,4,3,0,1,1,213.0,53.0,44.4,2.4,56.0,2.0,2.0,2.0,0.0,0.0,1.8,2.5,-0.7,-0.3,-2.02,-0.05,45.0
Steven Vitória,DF,Canada,35,1987,3,3,3,0,0,270.0,90.0,100.0,3.0,90.0,0.0,2.0,7.0,-5.0,-1.67,4.2,3.9,0.3,0.11,,,
Strahinja Erakovič,DF,Serbia,21,2001,0,0,0,0,3,,,,,,,,,,,,,,,,,
Strahinja Pavlovič,DF,Serbia,21,2001,3,3,2,0,0,235.0,78.0,87.0,2.6,78.0,0.33,5.0,6.0,-1.0,-0.38,2.9,6.3,-3.4,-1.3,4.76,0.13,
Sultan Al-Ghanam,DF,Saudi Arabia,28,1994,3,1,0,2,0,126.0,42.0,46.7,1.4,87.0,1.0,0.0,3.0,-3.0,-2.14,0.8,3.4,-2.6,-1.88,-2.77,-1.63,20.0
Szymon ÅŻurkowski,MF,Poland,25,1997,0,0,0,0,4,,,,,,,,,,,,,,,,,
Taha Yassine Khenissi,FW,Tunisia,30,1992,2,0,0,2,1,29.0,15.0,10.7,0.3,,0.5,0.0,0.0,0.0,0.0,0.4,0.2,0.2,0.59,0.0,0.85,15.0
Tajon Buchanan,MF,Canada,23,1999,3,3,2,0,0,260.0,87.0,96.3,2.9,87.0,0.0,2.0,7.0,-5.0,-1.73,4.1,3.7,0.4,0.14,-1.73,0.91,
Takefusa Kubo,FW,Japan,21,2001,2,2,0,0,1,90.0,45.0,23.1,1.0,45.0,3.0,0.0,2.0,-2.0,-2.0,0.2,2.4,-2.2,-2.16,-2.9,-2.61,
Takehiro Tomiyasu,DF,Japan,24,1998,3,1,1,2,1,187.0,62.0,47.9,2.1,120.0,2.33,3.0,1.0,2.0,0.96,2.9,3.2,-0.3,-0.17,1.41,-0.02,34.0
Takuma Asano,FW,Japan,28,1994,4,0,0,4,0,165.0,41.0,42.3,1.8,,1.75,2.0,1.0,1.0,0.55,2.7,2.3,0.4,0.26,0.55,0.63,41.0
Takumi Minamino,FW,Japan,27,1995,3,0,0,3,1,60.0,20.0,15.4,0.7,,1.33,2.0,0.0,2.0,3.0,0.9,0.8,0.1,0.3,3.27,0.49,20.0
Tarek Salman,DF,Qatar,25,1997,1,0,0,1,2,8.0,8.0,3.0,0.1,,0.0,0.0,1.0,-1.0,-11.25,0.2,0.2,0.0,-0.5,-9.53,0.22,8.0
Tariq Lamptey,DF,Ghana,22,2000,2,1,0,1,1,102.0,51.0,37.8,1.1,77.0,1.5,5.0,4.0,1.0,0.88,2.5,1.9,0.6,0.52,2.49,1.6,25.0
Teun Koopmeiners,MF,Netherlands,24,1998,5,1,0,4,0,219.0,44.0,45.6,2.4,78.0,2.2,6.0,3.0,3.0,1.23,2.1,4.2,-2.1,-0.99,0.2,-1.17,35.0
Theo Hernández,DF,France,25,1997,6,5,4,1,1,508.0,85.0,77.0,5.6,86.0,2.67,13.0,5.0,8.0,1.42,10.9,7.7,3.2,0.56,1.42,0.25,78.0
Thiago Almada,MF,Argentina,21,2001,1,0,0,1,6,7.0,7.0,1.0,0.1,,3.0,0.0,0.0,0.0,0.0,0.5,0.0,0.5,6.09,-0.92,4.76,7.0
Thiago Silva,DF,Brazil,38,1984,4,4,4,0,1,390.0,98.0,81.3,4.3,98.0,2.5,8.0,2.0,6.0,1.38,9.5,1.6,7.9,1.98,2.38,0.49,
Thibaut Courtois,GK,Belgium,30,1992,3,3,3,0,0,270.0,90.0,100.0,3.0,90.0,1.33,1.0,2.0,-1.0,-0.33,4.7,4.6,0.2,0.05,,,
Thilo Kehrer,DF,Germany,26,1996,1,1,0,0,2,69.0,69.0,25.6,0.8,69.0,1.0,0.0,1.0,-1.0,-1.3,0.3,0.6,-0.4,-0.46,-2.2,-3.6,
Thomas Delaney,MF,Denmark,31,1991,1,1,0,0,0,44.0,44.0,16.3,0.5,44.0,1.0,0.0,0.0,0.0,0.0,0.2,0.7,-0.5,-1.1,0.8,-0.85,
Thomas Deng,DF,Australia,25,1997,0,0,0,0,4,,,,,,,,,,,,,,,,,
Thomas Meunier,DF,Belgium,31,1991,3,2,0,1,0,211.0,70.0,78.1,2.3,83.0,1.33,0.0,1.0,-1.0,-0.43,3.8,2.2,1.6,0.69,-0.43,2.9,45.0
Thomas Müller,FW,Germany,33,1989,3,3,0,0,0,201.0,67.0,74.4,2.2,67.0,1.33,2.0,2.0,0.0,0.0,4.5,1.8,2.7,1.24,-1.3,-3.79,
Thomas Partey,MF,Ghana,29,1993,3,3,3,0,0,270.0,90.0,100.0,3.0,90.0,1.0,5.0,7.0,-2.0,-0.67,4.1,5.6,-1.4,-0.48,,,
Thorgan Hazard,FW,Belgium,29,1993,2,1,0,1,1,106.0,53.0,39.3,1.2,74.0,0.5,0.0,1.0,-1.0,-0.85,2.9,1.2,1.7,1.45,-0.85,2.31,32.0
Tim Ream,DF,United States,35,1987,4,4,4,0,0,360.0,90.0,100.0,4.0,90.0,1.25,3.0,4.0,-1.0,-0.25,4.1,4.4,-0.3,-0.07,,,
Timothy Castagne,DF,Belgium,27,1995,3,3,3,0,0,270.0,90.0,100.0,3.0,90.0,1.33,1.0,2.0,-1.0,-0.33,4.7,4.6,0.2,0.05,,,
Timothy Weah,FW,United States,22,2000,4,4,0,0,0,316.0,79.0,87.8,3.5,79.0,1.25,2.0,3.0,-1.0,-0.28,3.4,2.6,0.8,0.23,-0.28,2.51,
Toby Alderweireld,DF,Belgium,33,1989,3,3,3,0,0,270.0,90.0,100.0,3.0,90.0,1.33,1.0,2.0,-1.0,-0.33,4.7,4.6,0.2,0.05,,,
Tom Lockyer,DF,Wales,28,1994,0,0,0,0,3,,,,,,,,,,,,,,,,,
Trent Alexander-Arnold,DF,England,24,1998,1,0,0,1,4,34.0,34.0,7.6,0.4,,3.0,1.0,0.0,1.0,2.65,1.2,0.2,1.0,2.58,0.92,1.8,34.0
Tyler Adams,MF,United States,23,1999,4,4,4,0,0,360.0,90.0,100.0,4.0,90.0,1.25,3.0,4.0,-1.0,-0.25,4.1,4.4,-0.3,-0.07,,,
Tyrell Malacia,DF,Netherlands,23,1999,0,0,0,0,5,,,,,,,,,,,,,,,,,
Unai Simón,GK,Spain,25,1997,4,4,4,0,0,390.0,98.0,100.0,4.3,98.0,1.25,9.0,3.0,6.0,1.38,6.2,3.4,2.7,0.68,,0.68,
Uriel Antuna,FW,Mexico,25,1997,3,0,0,3,0,77.0,26.0,28.5,0.9,,1.33,2.0,2.0,0.0,0.0,1.4,1.1,0.2,0.29,0.47,-0.02,26.0
Uroš Račič,MF,Serbia,24,1998,0,0,0,0,3,,,,,,,,,,,,,,,,,
Vahid Amiri,FW,IR Iran,34,1988,0,0,0,0,3,,,,,,,,,,,,,,,,,
Vanja Milinkovič-Savič,GK,Serbia,25,1997,3,3,3,0,0,270.0,90.0,100.0,3.0,90.0,0.33,5.0,8.0,-3.0,-1.0,3.4,7.3,-3.9,-1.32,,,
Victor Nelsson,DF,Denmark,24,1998,1,1,1,0,2,90.0,90.0,33.3,1.0,90.0,0.0,1.0,2.0,-1.0,-1.0,0.6,2.4,-1.8,-1.76,-0.5,-2.04,
Vincent Aboubakar,FW,Cameroon,30,1992,3,1,0,2,0,142.0,47.0,52.6,1.6,89.0,1.33,3.0,0.0,3.0,1.9,1.5,2.4,-0.9,-0.55,4.01,0.49,27.0
Vincent Janssen,FW,Netherlands,28,1994,2,1,0,1,3,86.0,43.0,17.9,1.0,61.0,3.0,0.0,0.0,0.0,0.0,0.4,0.4,0.0,0.02,-1.37,0.36,25.0
Vinicius Júnior,FW,Brazil,22,2000,4,4,1,0,1,299.0,75.0,62.3,3.3,75.0,2.5,7.0,0.0,7.0,2.11,6.9,1.1,5.7,1.73,3.1,-0.35,
Virgil van Dijk,DF,Netherlands,31,1991,5,5,5,0,0,480.0,96.0,100.0,5.3,96.0,2.2,10.0,4.0,6.0,1.13,4.6,6.1,-1.5,-0.29,,-0.29,
Vitinha,MF,Portugal,22,2000,3,1,0,2,2,120.0,40.0,26.7,1.3,81.0,1.0,2.0,1.0,1.0,0.75,1.8,1.7,0.0,0.03,-0.61,-0.3,20.0
Wahbi Khazri,FW,Tunisia,31,1991,2,1,0,1,1,83.0,42.0,30.7,0.9,59.0,1.5,1.0,0.0,1.0,1.08,1.0,0.2,0.7,0.81,1.57,1.41,24.0
Wajdi Kechrida,DF,Tunisia,27,1995,3,1,1,2,0,111.0,37.0,41.1,1.2,90.0,1.33,1.0,0.0,1.0,0.81,0.9,1.0,-0.1,-0.09,1.38,0.13,11.0
Walid Cheddira,FW,Morocco,24,1998,2,0,0,2,4,64.0,32.0,9.7,0.7,,2.0,0.0,0.0,0.0,0.0,0.5,0.9,-0.4,-1.12,-0.15,-1.06,32.0
Walker Zimmerman,DF,United States,29,1993,4,3,3,1,0,279.0,70.0,77.5,3.1,90.0,1.25,2.0,4.0,-2.0,-0.65,3.0,4.1,-1.1,-0.37,-1.76,-1.3,9.0
Wataru Endo,MF,Japan,29,1993,4,3,3,1,0,304.0,76.0,77.9,3.4,100.0,1.75,3.0,3.0,0.0,0.0,3.5,4.8,-1.3,-0.43,-1.05,-0.92,4.0
Wayne Hennessey,GK,Wales,35,1987,2,2,1,0,0,175.0,88.0,64.8,1.9,88.0,0.5,1.0,1.0,0.0,0.0,2.3,1.7,0.6,0.3,4.74,2.62,
Weston McKennie,MF,United States,24,1998,4,4,0,0,0,271.0,68.0,75.3,3.0,68.0,1.25,2.0,2.0,0.0,0.0,3.2,1.8,1.4,0.46,1.01,2.17,
William Carvalho,MF,Portugal,30,1992,4,2,1,2,1,215.0,54.0,47.8,2.4,86.0,2.25,10.0,4.0,6.0,2.51,4.0,4.0,-0.1,-0.02,2.51,-0.53,22.0
William Pacho,DF,Ecuador,21,2001,0,0,0,0,3,,,,,,,,,,,,,,,,,
William Saliba,DF,France,21,2001,1,0,0,1,6,28.0,28.0,4.2,0.3,,0.0,0.0,0.0,0.0,0.0,0.6,0.0,0.6,1.93,-1.14,1.49,28.0
Wojciech SzczÄęsny,GK,Poland,32,1990,4,4,4,0,0,360.0,90.0,100.0,4.0,90.0,1.0,3.0,5.0,-2.0,-0.5,4.5,7.3,-2.7,-0.69,,,
Wout Faes,DF,Belgium,24,1998,0,0,0,0,3,,,,,,,,,,,,,,,,,
Wout Weghorst,FW,Netherlands,30,1992,4,0,0,4,1,64.0,16.0,13.3,0.7,,2.0,2.0,0.0,2.0,2.81,0.5,0.6,-0.1,-0.4,1.95,-0.13,16.0
Wéverton,GK,Brazil,35,1987,1,0,0,1,4,11.0,11.0,2.3,0.1,,3.0,0.0,0.0,0.0,0.0,0.3,0.1,0.2,1.71,-0.96,-0.16,11.0
Xavi Simons,FW,Netherlands,19,2003,1,0,0,1,4,9.0,9.0,1.9,0.1,,3.0,0.0,0.0,0.0,0.0,0.0,0.2,-0.2,-2.0,-1.15,-1.75,9.0
Xavier Arreaga,DF,Ecuador,28,1994,0,0,0,0,3,,,,,,,,,,,,,,,,,
Xherdan Shaqiri,FW,Switzerland,31,1991,3,3,1,0,1,229.0,76.0,63.6,2.5,76.0,2.0,5.0,8.0,-3.0,-1.18,4.8,4.2,0.7,0.27,-0.49,0.52,
Yahya Attiat Allah,DF,Morocco,27,1995,6,2,2,4,1,318.0,53.0,48.2,3.5,90.0,1.33,4.0,3.0,1.0,0.28,5.1,3.2,1.9,0.6,0.28,1.27,35.0
Yahya Jabrane,MF,Morocco,31,1991,2,0,0,2,5,15.0,8.0,2.3,0.2,,3.0,0.0,0.0,0.0,0.0,,,,,-0.14,,8.0
Yann Sommer,GK,Switzerland,34,1988,3,3,3,0,0,270.0,90.0,75.0,3.0,90.0,1.0,2.0,7.0,-5.0,-1.67,3.0,4.0,-1.1,-0.35,-2.67,-1.73,
Yannick Carrasco,FW,Belgium,29,1993,2,2,0,0,1,116.0,58.0,43.0,1.3,58.0,2.0,1.0,0.0,1.0,0.78,2.4,2.5,-0.1,-0.06,1.94,-0.2,
Yasser Al-Shahrani,DF,Saudi Arabia,30,1992,1,1,0,0,0,89.0,89.0,33.0,1.0,89.0,3.0,2.0,1.0,1.0,1.01,0.1,2.1,-2.0,-2.0,2.5,-1.48,
Yassine Bounou,GK,Morocco,31,1991,6,6,6,0,1,570.0,95.0,86.4,6.3,95.0,1.33,4.0,5.0,-1.0,-0.16,5.1,6.5,-1.3,-0.22,-2.16,-0.62,
Yassine Meriah,DF,Tunisia,29,1993,3,3,3,0,0,270.0,90.0,100.0,3.0,90.0,1.33,1.0,1.0,0.0,0.0,2.3,2.8,-0.5,-0.17,,,
Yeltsin Tejeda,MF,Costa Rica,30,1992,3,3,2,0,0,269.0,90.0,99.6,3.0,90.0,1.0,3.0,11.0,-8.0,-2.68,1.4,9.6,-8.2,-2.74,-2.68,43.87,
Yeremi Pino,FW,Spain,20,2002,0,0,0,0,4,,,,,,,,,,,,,,,,,
Yoon Jong-gyu,DF,Korea Republic,24,1998,0,0,0,0,4,,,,,,,,,,,,,,,,,
Youri Tielemans,MF,Belgium,25,1997,3,1,0,2,0,95.0,32.0,35.2,1.1,45.0,1.33,1.0,2.0,-1.0,-0.95,1.6,3.2,-1.6,-1.48,-0.95,-2.37,25.0
Yousef Hassan,GK,Qatar,26,1996,0,0,0,0,3,,,,,,,,,,,,,,,,,
Youssef En-Nesyri,FW,Morocco,25,1997,7,7,2,0,0,542.0,77.0,82.1,6.0,77.0,1.57,4.0,4.0,0.0,0.0,3.7,5.4,-1.7,-0.28,-0.76,-0.94,
Youssef Msakni,MF,Tunisia,32,1990,2,2,1,0,1,169.0,85.0,62.6,1.9,85.0,0.5,0.0,1.0,-1.0,-0.53,1.8,1.8,0.0,-0.01,-1.42,0.41,
Youssouf Fofana,MF,France,23,1999,6,2,1,4,1,227.0,38.0,34.4,2.5,81.0,2.17,5.0,3.0,2.0,0.79,4.0,3.8,0.1,0.05,-0.45,-0.65,16.0
Youssouf Sabaly,DF,Senegal,29,1993,4,4,4,0,0,360.0,90.0,100.0,4.0,90.0,1.5,5.0,7.0,-2.0,-0.5,4.6,3.5,1.0,0.26,,,
Youssoufa Moukoko,FW,Germany,18,2004,1,0,0,1,2,1.0,1.0,0.4,0.0,,0.0,0.0,0.0,0.0,0.0,0.3,0.0,0.3,24.08,-0.33,21.94,1.0
Youstin Salas,DF,Costa Rica,26,1996,2,0,0,2,1,47.0,24.0,17.4,0.5,,1.5,2.0,3.0,-1.0,-1.91,1.1,4.4,-3.3,-6.3,0.91,-4.12,24.0
Yuki Soma,FW,Japan,25,1997,1,1,0,0,3,81.0,81.0,20.8,0.9,81.0,0.0,0.0,1.0,-1.0,-1.11,0.7,0.1,0.6,0.63,-1.69,0.98,
Yunus Musah,MF,United States,20,2002,4,4,3,0,0,343.0,86.0,95.3,3.8,86.0,1.25,3.0,3.0,0.0,0.0,3.9,3.5,0.5,0.12,5.29,4.33,
Yussuf Poulsen,FW,Denmark,28,1994,0,0,0,0,3,,,,,,,,,,,,,,,,,
Yuto Nagatomo,MF,Japan,36,1986,4,4,0,0,0,209.0,52.0,53.6,2.3,52.0,1.75,1.0,3.0,-2.0,-0.86,1.3,3.4,-2.1,-0.89,-2.35,-1.59,
Zakaria Aboukhlal,FW,Morocco,22,2000,4,0,0,4,3,79.0,20.0,12.0,0.9,,2.25,2.0,1.0,1.0,1.14,2.4,2.0,0.4,0.5,1.14,0.69,20.0
Zeno Debast,DF,Belgium,19,2003,0,0,0,0,3,,,,,,,,,,,,,,,,,
Álvaro Morata,FW,Spain,30,1992,4,1,0,3,0,185.0,46.0,47.4,2.1,56.0,1.25,5.0,3.0,2.0,0.97,2.8,2.8,0.0,0.01,-0.78,-1.03,43.0
Álvaro Zamora,MF,Costa Rica,20,2002,1,0,0,1,2,30.0,30.0,11.1,0.3,,0.0,0.0,3.0,-3.0,-9.0,0.0,0.9,-0.9,-2.57,-7.13,0.37,30.0
Ángel Correa,MF,Argentina,27,1995,1,0,0,1,6,5.0,5.0,0.7,0.1,,3.0,0.0,0.0,0.0,0.0,0.0,0.1,-0.1,-1.78,-0.92,-3.18,5.0
Ángel Di María,MF,Argentina,34,1988,5,4,1,1,2,288.0,58.0,41.7,3.2,70.0,1.6,5.0,2.0,3.0,0.94,6.8,0.8,6.0,1.92,0.04,0.91,9.0
Ángel Mena,FW,Ecuador,34,1988,0,0,0,0,3,,,,,,,,,,,,,,,,,
Ángelo Preciado,DF,Ecuador,24,1998,3,3,2,0,0,264.0,88.0,97.8,2.9,88.0,1.33,4.0,3.0,1.0,0.34,3.6,2.5,1.1,0.37,0.34,-0.79,
Éder Militão,DF,Brazil,24,1998,4,4,2,0,1,347.0,87.0,72.3,3.9,87.0,1.75,6.0,1.0,5.0,1.3,9.1,1.5,7.5,1.95,1.3,0.34,
Óscar Duarte,DF,Costa Rica,33,1989,3,3,3,0,0,270.0,90.0,100.0,3.0,90.0,1.0,3.0,11.0,-8.0,-2.67,1.4,10.1,-8.7,-2.9,,,
İlkay GündoÄğan,MF,Germany,32,1990,3,3,0,0,0,189.0,63.0,70.0,2.1,63.0,1.33,2.0,1.0,1.0,0.48,3.6,1.3,2.3,1.1,0.48,-3.74,
Łukasz Skorupski,GK,Poland,,1991,0,0,0,0,4,,,,,,,,,,,,,,,,,