player,position,team,age,birth_year,minutes_90s,goals,shots,shots_on_target,shots_on_target_pct,shots_per90,shots_on_target_per90,goals_per_shot,average_shot_distance,shots_free_kicks,pens_made,pens_att,xg,npxg,npxg_per_shot,xg_net,npxg_net,goals_per_shot_on_target
Aaron Mooy,MF,Australia,32,1990,4.0,0,1,0,0.0,0.25,0.0,0.0,29.1,0.0,0,0,0.0,0.0,0.05,0.0,0.0,
Aaron Ramsey,MF,Wales,31,1990,3.0,0,1,0,0.0,0.34,0.0,0.0,18.0,0.0,0,0,0.0,0.0,0.04,0.0,0.0,
Abdelhamid Sabiri,MF,Morocco,26,1996,2.0,0,3,0,0.0,1.49,0.0,0.0,34.2,1.0,0,0,0.1,0.1,0.04,-0.1,-0.1,
Abdelkarim Hassan,DF,Qatar,29,1993,3.0,0,6,0,0.0,2.0,0.0,0.0,23.6,0.0,0,0,0.3,0.3,0.05,-0.3,-0.3,
Abderrazak Hamdallah,FW,Morocco,32,1990,0.8,0,2,1,50.0,2.65,1.32,0.0,7.8,0.0,0,0,0.4,0.4,0.2,-0.4,-0.4,0.0
Abdessamad Ezzalzouli,FW,Morocco,21,2001,1.0,0,1,0,0.0,0.97,0.0,0.0,13.7,0.0,0,0,0.1,0.1,0.06,-0.1,-0.1,
Abdou Diallo,DF,Senegal,26,1996,3.7,0,1,0,0.0,0.27,0.0,0.0,15.4,0.0,0,0,0.0,0.0,0.03,0.0,0.0,
Abdul Fatawu Issahaku,FW,Ghana,18,2004,0.0,0,0,0,,0.0,0.0,,,0.0,0,0,0.0,0.0,,0.0,0.0,
Abdulaziz Hatem,MF,Qatar,32,1990,2.2,0,1,1,100.0,0.46,0.46,0.0,27.4,0.0,0,0,0.0,0.0,0.02,0.0,0.0,0.0
Abdulelah Al-Amri,DF,Saudi Arabia,25,1997,2.0,0,1,0,0.0,0.49,0.0,0.0,10.5,0.0,0,0,0.1,0.1,0.07,-0.1,-0.1,
Abdulellah Al-Malki,MF,Saudi Arabia,28,1994,1.9,0,2,0,0.0,1.03,0.0,0.0,21.1,0.0,0,0,0.1,0.1,0.06,-0.1,-0.1,
Abdullah Madu,DF,Saudi Arabia,29,1993,0.5,0,0,0,,0.0,0.0,,,0.0,0,0,0.0,0.0,,0.0,0.0,
Abdulrahman Al-Aboud,MF,Saudi Arabia,27,1995,0.4,0,1,0,0.0,2.57,0.0,0.0,4.6,0.0,0,0,0.1,0.1,0.07,-0.1,-0.1,
Abolfazl Jalali,DF,IR Iran,24,1998,0.2,0,0,0,,0.0,0.0,,,0.0,0,0,0.0,0.0,,0.0,0.0,
Achraf Dari,DF,Morocco,23,1999,2.1,1,1,1,100.0,0.48,0.48,1.0,4.1,0.0,0,0,0.6,0.6,0.63,0.4,0.4,1.0
Achraf Hakimi,DF,Morocco,24,1998,7.0,0,4,1,25.0,0.57,0.14,0.0,26.5,1.0,0,0,0.1,0.1,0.03,-0.1,-0.1,0.0
Adrien Rabiot,MF,France,27,1995,5.4,1,9,4,44.4,1.68,0.75,0.11,13.3,0.0,0,0,1.1,1.1,0.12,-0.1,-0.1,0.25
Agustín Canobbio,MF,Uruguay,24,1998,0.1,0,0,0,,0.0,0.0,,,0.0,0,0,0.0,0.0,,0.0,0.0,
Ahmad Nourollahi,MF,IR Iran,29,1993,2.5,0,5,1,20.0,2.02,0.4,0.0,29.2,0.0,0,0,0.1,0.1,0.02,-0.1,-0.1,0.0
Ahmed Alaaeldin,FW,Qatar,29,1993,0.1,0,0,0,,0.0,0.0,,,0.0,0,0,0.0,0.0,,0.0,0.0,
Aimen Dahmen,GK,Tunisia,25,1997,3.0,0,0,0,,0.0,0.0,,,0.0,0,0,0.0,0.0,,0.0,0.0,
Ajdin Hrustic,MF,Australia,26,1996,0.7,0,1,0,0.0,1.45,0.0,0.0,22.4,0.0,0,0,0.0,0.0,0.03,0.0,0.0,
Akram Afif,FW,Qatar,26,1996,3.0,0,2,0,0.0,0.67,0.0,0.0,29.8,0.0,0,0,0.0,0.0,0.02,0.0,0.0,
Alan Franco,MF,Ecuador,24,1998,0.5,0,0,0,,0.0,0.0,,,0.0,0,0,0.0,0.0,,0.0,0.0,
Alejandro Balde,DF,Spain,19,2003,1.4,0,1,0,0.0,0.71,0.0,0.0,11.3,0.0,0,0,0.0,0.0,0.05,0.0,0.0,
Aleksandar Mitrovič,FW,Serbia,28,1994,2.9,2,10,3,30.0,3.44,1.03,0.2,14.1,0.0,0,0,1.6,1.6,0.16,0.4,0.4,0.67
Alex Sandro,DF,Brazil,31,1991,2.1,0,1,0,0.0,0.47,0.0,0.0,33.5,0.0,0,0,0.0,0.0,0.03,0.0,0.0,
Alex Telles,DF,Brazil,30,1992,0.7,0,0,0,,0.0,0.0,,,0.0,0,0,0.0,0.0,,0.0,0.0,
Alexander Bah,DF,Denmark,25,1997,0.5,0,2,0,0.0,3.91,0.0,0.0,19.3,0.0,0,0,0.1,0.1,0.03,-0.1,-0.1,
Alexander Djiku,DF,Ghana,28,1994,1.1,0,0,0,,0.0,0.0,,,0.0,0,0,0.0,0.0,,0.0,0.0,
Alexis Mac Allister,MF,Argentina,23,1998,6.1,1,7,4,57.1,1.15,0.65,0.14,19.3,0.0,0,0,0.7,0.7,0.1,0.3,0.3,0.25
Alexis Vega,FW,Mexico,25,1997,2.1,0,9,2,22.2,4.2,0.93,0.0,21.0,1.0,0,0,0.8,0.8,0.09,-0.8,-0.8,0.0
Ali Abdi,DF,Tunisia,28,1993,2.1,0,0,0,,0.0,0.0,,,0.0,0,0,0.0,0.0,,0.0,0.0,
Ali Al Hassan,MF,Saudi Arabia,25,1997,0.5,0,1,0,0.0,2.0,0.0,0.0,10.4,0.0,0,0,0.1,0.1,0.07,-0.1,-0.1,
Ali Al-Bulaihi,DF,Saudi Arabia,33,1989,2.4,0,0,0,,0.0,0.0,,,0.0,0,0,0.0,0.0,,0.0,0.0,
Ali Assadalla,MF,Qatar,29,1993,0.3,0,0,0,,0.0,0.0,,,0.0,0,0,0.0,0.0,,0.0,0.0,
Ali Gholizadeh,MF,IR Iran,26,1996,2.2,0,1,0,0.0,0.45,0.0,0.0,26.2,0.0,0,0,0.0,0.0,0.03,0.0,0.0,
Ali Karimi,MF,IR Iran,28,1994,1.1,0,0,0,,0.0,0.0,,,0.0,0,0,0.0,0.0,,0.0,0.0,
Ali Maâloul,DF,Tunisia,32,1990,1.0,0,0,0,,0.0,0.0,,,0.0,0,0,0.0,0.0,,0.0,0.0,
Alidu Seidu,DF,Ghana,22,2000,1.7,0,1,0,0.0,0.58,0.0,0.0,31.9,0.0,0,0,0.0,0.0,0.01,0.0,0.0,
Alireza Beiranvand,GK,IR Iran,30,1992,1.2,0,0,0,,0.0,0.0,,,0.0,0,0,0.0,0.0,,0.0,0.0,
Alireza Jahanbakhsh,MF,IR Iran,29,1993,0.7,0,3,0,0.0,4.58,0.0,0.0,22.9,0.0,0,0,0.2,0.2,0.06,-0.2,-0.2,
Alisson,GK,Brazil,30,1992,4.2,0,0,0,,0.0,0.0,,,0.0,0,0,0.0,0.0,,0.0,0.0,
Alistair Johnston,DF,Canada,24,1998,3.0,0,2,1,50.0,0.67,0.33,0.0,8.5,0.0,0,0,0.8,0.8,0.4,-0.8,-0.8,0.0
Almoez Ali,FW,Qatar,26,1996,2.5,0,3,1,33.3,1.21,0.4,0.0,16.4,0.0,0,0,0.4,0.4,0.12,-0.4,-0.4,0.0
Alphonso Davies,MF,Canada,22,2000,3.0,1,3,1,33.3,1.0,0.33,0.33,21.0,1.0,0,1,1.1,0.3,0.09,-0.1,0.7,1.0
Amadou Onana,MF,Belgium,21,2001,1.2,0,2,0,0.0,1.73,0.0,0.0,8.3,0.0,0,0,0.5,0.5,0.23,-0.5,-0.5,
Anass Zaroury,FW,Morocco,22,2000,0.3,0,0,0,,0.0,0.0,,,0.0,0,0,0.0,0.0,,0.0,0.0,
Andre-Frank Zambo Anguissa,MF,Cameroon,27,1995,2.9,0,1,1,100.0,0.35,0.35,0.0,11.2,0.0,0,0,0.1,0.1,0.06,-0.1,-0.1,0.0
Andreas Christensen,DF,Denmark,26,1996,3.0,1,2,1,50.0,0.67,0.33,0.5,5.9,0.0,0,0,0.4,0.4,0.18,0.6,0.6,1.0
Andreas Cornelius,FW,Denmark,29,1993,1.0,0,5,2,40.0,4.89,1.96,0.0,10.2,0.0,0,0,1.0,1.0,0.2,-1.0,-1.0,0.0
Andreas Skov Olsen,FW,Denmark,22,1999,1.5,0,4,1,25.0,2.73,0.68,0.0,14.6,0.0,0,0,0.2,0.2,0.06,-0.2,-0.2,0.0
Andrej Kramarič,FW,Croatia,31,1991,5.3,2,10,4,40.0,1.9,0.76,0.2,15.1,0.0,0,0,1.6,1.6,0.16,0.4,0.4,0.5
Andries Noppert,GK,Netherlands,28,1994,5.3,0,0,0,,0.0,0.0,,,0.0,0,0,0.0,0.0,,0.0,0.0,
Andrija Živkovič,DF,Serbia,26,1996,2.3,0,1,0,0.0,0.43,0.0,0.0,24.4,0.0,0,0,0.1,0.1,0.06,-0.1,-0.1,
André Ayew,MF,Ghana,33,1989,2.2,1,1,1,100.0,0.45,0.45,1.0,17.3,0.0,0,1,1.1,0.4,0.36,-0.1,0.6,1.0
André Onana,GK,Cameroon,26,1996,0.9,0,0,0,,0.0,0.0,,,0.0,0,0,0.0,0.0,,0.0,0.0,
André Silva,FW,Portugal,27,1995,0.3,0,0,0,,0.0,0.0,,,0.0,0,0,0.0,0.0,,0.0,0.0,
Andrés Guardado,MF,Mexico,36,1986,0.5,0,0,0,,0.0,0.0,,,0.0,0,0,0.0,0.0,,0.0,0.0,
Anis Ben Slimane,MF,Tunisia,21,2001,1.6,0,1,1,100.0,0.61,0.61,0.0,9.6,0.0,0,0,0.1,0.1,0.11,-0.1,-0.1,0.0
Ansu Fati,FW,Spain,20,2002,0.5,0,0,0,,0.0,0.0,,,0.0,0,0,0.0,0.0,,0.0,0.0,
Ante Budimir,FW,Croatia,31,1991,0.6,0,1,0,0.0,1.64,0.0,0.0,10.8,0.0,0,0,0.2,0.2,0.18,-0.2,-0.2,
Anthony Contreras,FW,Costa Rica,22,2000,1.4,0,0,0,,0.0,0.0,,,0.0,0,0,0.0,0.0,,0.0,0.0,
Antoine Griezmann,MF,France,31,1991,6.0,0,6,2,33.3,1.01,0.34,0.0,17.6,1.0,0,0,0.7,0.7,0.11,-0.7,-0.7,0.0
Antoine Semenyo,FW,Ghana,22,2000,0.2,0,1,0,0.0,4.5,0.0,0.0,13.5,0.0,0,0,0.0,0.0,0.05,0.0,0.0,
Antonee Robinson,DF,United States,25,1997,4.0,0,0,0,,0.0,0.0,,,0.0,0,0,0.0,0.0,,0.0,0.0,
Antonio Rüdiger,DF,Germany,29,1993,3.0,0,6,1,16.7,2.0,0.33,0.0,17.4,0.0,0,0,0.8,0.8,0.13,-0.8,-0.8,0.0
Antony,FW,Brazil,22,2000,1.9,0,6,2,33.3,3.14,1.05,0.0,22.2,0.0,0,0,0.2,0.2,0.04,-0.2,-0.2,0.0
António Silva,DF,Portugal,19,2003,1.0,0,0,0,,0.0,0.0,,,0.0,0,0,0.0,0.0,,0.0,0.0,
Ao Tanaka,MF,Japan,24,1998,1.9,1,1,1,100.0,0.53,0.53,1.0,1.5,0.0,0,0,1.0,1.0,0.96,0.0,0.0,1.0
Ardon Jasari,FW,Switzerland,20,2002,0.0,0,0,0,,0.0,0.0,,,0.0,0,0,0.0,0.0,,0.0,0.0,
Arkadiusz Milik,FW,Poland,28,1994,1.1,0,1,0,0.0,0.89,0.0,0.0,9.0,0.0,0,0,0.2,0.2,0.25,-0.2,-0.2,
Artur JÄędrzejczyk,DF,Poland,35,1987,0.2,0,0,0,,0.0,0.0,,,0.0,0,0,0.0,0.0,,0.0,0.0,
Asiri Haitham,FW,Saudi Arabia,21,2001,0.0,0,0,0,,0.0,0.0,,,0.0,0,0,0.0,0.0,,0.0,0.0,
Assim Madibo,MF,Qatar,26,1996,1.7,0,0,0,,0.0,0.0,,,0.0,0,0,0.0,0.0,,0.0,0.0,
Atiba Hutchinson,MF,Canada,39,1983,1.8,0,2,0,0.0,1.13,0.0,0.0,16.8,0.0,0,0,0.1,0.1,0.06,-0.1,-0.1,
Aurélien Tchouaméni,MF,France,22,2000,6.9,1,6,2,33.3,0.87,0.29,0.17,23.7,0.0,0,0,0.3,0.3,0.06,0.7,0.7,0.5
Awer Mabil,MF,Australia,27,1995,0.3,0,0,0,,0.0,0.0,,,0.0,0,0,0.0,0.0,,0.0,0.0,
Axel Disasi,DF,France,24,1998,1.0,0,1,0,0.0,0.98,0.0,0.0,9.6,0.0,0,0,0.1,0.1,0.07,-0.1,-0.1,
Axel Witsel,MF,Belgium,33,1989,3.0,0,1,0,0.0,0.33,0.0,0.0,32.2,0.0,0,0,0.0,0.0,0.02,0.0,0.0,
Ayase Ueda,FW,Japan,24,1998,0.5,0,0,0,,0.0,0.0,,,0.0,0,0,0.0,0.0,,0.0,0.0,
Aymeric Laporte,DF,Spain,28,1994,3.3,0,1,0,0.0,0.3,0.0,0.0,13.6,0.0,0,0,0.0,0.0,0.03,0.0,0.0,
Aziz Behich,DF,Australia,32,1990,4.0,0,2,0,0.0,0.5,0.0,0.0,16.4,0.0,0,0,0.1,0.1,0.06,-0.1,-0.1,
Azzedine Ounahi,MF,Morocco,22,2000,6.3,0,6,1,16.7,0.95,0.16,0.0,23.7,0.0,0,0,0.3,0.3,0.05,-0.3,-0.3,0.0
Aïssa Laïdouni,MF,Tunisia,26,1996,2.7,0,2,0,0.0,0.74,0.0,0.0,9.8,0.0,0,0,0.1,0.1,0.07,-0.1,-0.1,
Baba Rahman,DF,Ghana,28,1994,2.0,0,0,0,,0.0,0.0,,,0.0,0,0,0.0,0.0,,0.0,0.0,
Badr Banoun,DF,Morocco,29,1993,0.6,0,0,0,,0.0,0.0,,,0.0,0,0,0.0,0.0,,0.0,0.0,
Bailey Wright,DF,Australia,30,1992,0.2,0,0,0,,0.0,0.0,,,0.0,0,0,0.0,0.0,,0.0,0.0,
Bamba Dieng,FW,Senegal,22,2000,1.1,1,4,1,25.0,3.6,0.9,0.25,16.3,1.0,0,0,0.5,0.5,0.12,0.5,0.5,1.0
Bartosz Bereszyński,DF,Poland,30,1992,3.8,0,0,0,,0.0,0.0,,,0.0,0,0,0.0,0.0,,0.0,0.0,
Bassam Al-Rawi,DF,Qatar,25,1997,1.0,0,0,0,,0.0,0.0,,,0.0,0,0,0.0,0.0,,0.0,0.0,
Ben Davies,DF,Wales,29,1993,2.6,0,3,2,66.7,1.13,0.76,0.0,12.1,0.0,0,0,0.3,0.3,0.12,-0.3,-0.3,0.0
Benjamin Pavard,DF,France,26,1996,1.0,0,0,0,,0.0,0.0,,,0.0,0,0,0.0,0.0,,0.0,0.0,
Bernardo Silva,MF,Portugal,28,1994,4.0,0,1,0,0.0,0.25,0.0,0.0,10.7,0.0,0,0,0.2,0.2,0.18,-0.2,-0.2,
Bilal El Khannous,MF,Morocco,18,2004,0.6,0,0,0,,0.0,0.0,,,0.0,0,0,0.0,0.0,,0.0,0.0,
Borna Barišič,DF,Croatia,30,1992,1.3,0,1,0,0.0,0.75,0.0,0.0,24.8,0.0,0,0,0.0,0.0,0.02,0.0,0.0,
Borna Sosa,DF,Croatia,24,1998,4.7,0,2,0,0.0,0.42,0.0,0.0,28.4,0.0,0,0,0.1,0.1,0.03,-0.1,-0.1,
Boualem Khoukhi,DF,Qatar,32,1990,3.0,0,0,0,,0.0,0.0,,,0.0,0,0,0.0,0.0,,0.0,0.0,
Boulaye Dia,FW,Senegal,26,1996,3.5,1,8,3,37.5,2.26,0.85,0.13,14.2,0.0,0,0,0.7,0.7,0.09,0.3,0.3,0.33
Brandon Aguilera,MF,Costa Rica,19,2003,1.0,0,0,0,,0.0,0.0,,,0.0,0,0,0.0,0.0,,0.0,0.0,
Breel Embolo,FW,Switzerland,25,1997,3.6,2,6,3,50.0,1.67,0.84,0.33,10.5,0.0,0,0,2.3,2.3,0.38,-0.3,-0.3,0.67
Brenden Aaronson,MF,United States,22,2000,1.2,0,1,0,0.0,0.83,0.0,0.0,4.9,0.0,0,0,0.1,0.1,0.07,-0.1,-0.1,
Brennan Johnson,FW,Wales,21,2001,1.0,0,3,1,33.3,2.97,0.99,0.0,14.6,0.0,0,0,0.2,0.2,0.07,-0.2,-0.2,0.0
Bruno Fernandes,FW,Portugal,28,1994,4.0,2,7,2,28.6,1.77,0.51,0.14,24.5,0.0,1,1,1.1,0.3,0.05,0.9,0.7,0.5
Bruno Guimarães,MF,Brazil,25,1997,0.8,0,5,2,40.0,6.52,2.61,0.0,12.4,0.0,0,0,0.7,0.7,0.14,-0.7,-0.7,0.0
Bruno Petkovič,FW,Croatia,28,1994,2.6,1,1,1,100.0,0.38,0.38,1.0,16.2,0.0,0,0,0.1,0.1,0.12,0.9,0.9,1.0
Bryan Mbeumo,FW,Cameroon,23,1999,2.6,0,2,2,100.0,0.77,0.77,0.0,11.3,0.0,0,0,0.2,0.2,0.1,-0.2,-0.2,0.0
Bryan Oviedo,DF,Costa Rica,32,1990,2.9,0,0,0,,0.0,0.0,,,0.0,0,0,0.0,0.0,,0.0,0.0,
Bryan Ruiz,MF,Costa Rica,37,1985,0.3,0,0,0,,0.0,0.0,,,0.0,0,0,0.0,0.0,,0.0,0.0,
Bukayo Saka,FW,England,21,2001,3.2,3,7,5,71.4,2.19,1.56,0.43,14.9,0.0,0,0,0.6,0.6,0.09,2.4,2.4,0.6
Callum Wilson,FW,England,30,1992,0.5,0,0,0,,0.0,0.0,,,0.0,0,0,0.0,0.0,,0.0,0.0,
Cameron Carter-Vickers,DF,United States,24,1997,1.0,0,0,0,,0.0,0.0,,,0.0,0,0,0.0,0.0,,0.0,0.0,
Carlos Gruezo,MF,Ecuador,27,1995,0.5,0,0,0,,0.0,0.0,,,0.0,0,0,0.0,0.0,,0.0,0.0,
Carlos Martínez,DF,Costa Rica,23,1999,0.5,0,0,0,,0.0,0.0,,,0.0,0,0,0.0,0.0,,0.0,0.0,
Carlos Soler,MF,Spain,25,1997,1.0,1,4,1,25.0,3.91,0.98,0.25,17.3,1.0,0,0,0.5,0.5,0.13,0.5,0.5,1.0
Casemiro,MF,Brazil,30,1992,4.3,1,9,3,33.3,2.08,0.69,0.11,26.0,1.0,0,0,0.4,0.4,0.05,0.6,0.6,0.33
Celso Borges,MF,Costa Rica,34,1988,2.8,0,0,0,,0.0,0.0,,,0.0,0,0,0.0,0.0,,0.0,0.0,
Charles De Ketelaere,FW,Belgium,21,2001,0.2,0,0,0,,0.0,0.0,,,0.0,0,0,0.0,0.0,,0.0,0.0,
Charly Rodríguez,MF,Mexico,25,1997,0.4,0,0,0,,0.0,0.0,,,0.0,0,0,0.0,0.0,,0.0,0.0,
Cheikhou Kouyaté,MF,Senegal,32,1989,0.8,0,0,0,,0.0,0.0,,,0.0,0,0,0.0,0.0,,0.0,0.0,
Cho Guesung,FW,Korea Republic,24,1998,3.1,2,9,5,55.6,2.95,1.64,0.22,11.4,0.0,0,0,1.1,1.1,0.12,0.9,0.9,0.4
Cho Yumin,FW,Korea Republic,26,1996,0.0,0,0,0,,0.0,0.0,,,0.0,0,0,0.0,0.0,,0.0,0.0,
Chris Mepham,DF,Wales,25,1997,3.0,0,0,0,,0.0,0.0,,,0.0,0,0,0.0,0.0,,0.0,0.0,
Christian Bassogog,MF,Cameroon,27,1995,0.3,0,0,0,,0.0,0.0,,,0.0,0,0,0.0,0.0,,0.0,0.0,
Christian Eriksen,MF,Denmark,30,1992,3.0,0,4,1,25.0,1.33,0.33,0.0,27.2,0.0,0,0,0.2,0.2,0.04,-0.2,-0.2,0.0
Christian Fassnacht,FW,Switzerland,29,1993,0.1,0,1,1,100.0,11.25,11.25,0.0,14.8,0.0,0,0,0.2,0.2,0.23,-0.2,-0.2,0.0
Christian Nørgaard,MF,Denmark,28,1994,0.1,0,0,0,,0.0,0.0,,,0.0,0,0,0.0,0.0,,0.0,0.0,
Christian Pulisic,FW,United States,24,1998,3.5,1,9,5,55.6,2.57,1.43,0.11,17.9,0.0,0,0,1.1,1.1,0.12,-0.1,-0.1,0.2
Christopher Wooh,DF,Cameroon,21,2001,1.0,0,1,0,0.0,1.0,0.0,0.0,15.1,0.0,0,0,0.0,0.0,0.04,0.0,0.0,
Cody Gakpo,FW,Netherlands,23,1999,5.0,3,5,3,60.0,1.0,0.6,0.6,19.9,0.0,0,0,0.3,0.3,0.06,2.7,2.7,1.0
Collins Fai,DF,Cameroon,30,1992,3.0,0,1,0,0.0,0.33,0.0,0.0,27.9,0.0,0,0,0.0,0.0,0.02,0.0,0.0,
Connor Roberts,DF,Wales,27,1995,2.2,0,0,0,,0.0,0.0,,,0.0,0,0,0.0,0.0,,0.0,0.0,
Craig Goodwin,MF,Australia,31,1991,2.6,1,2,1,50.0,0.77,0.38,0.5,16.1,0.0,0,0,0.3,0.3,0.14,0.7,0.7,1.0
Cristian Romero,DF,Argentina,24,1998,6.1,0,0,0,,0.0,0.0,,,0.0,0,0,0.0,0.0,,0.0,0.0,
Cristiano Ronaldo,FW,Portugal,37,1985,3.2,1,10,2,20.0,3.1,0.62,0.0,21.0,2.0,1,1,1.6,0.8,0.08,-0.6,-0.8,0.0
Cyle Larin,FW,Canada,27,1995,1.5,0,3,1,33.3,1.97,0.66,0.0,11.3,0.0,0,0,0.2,0.2,0.08,-0.2,-0.2,0.0
César Azpilicueta,DF,Spain,33,1989,1.5,0,0,0,,0.0,0.0,,,0.0,0,0,0.0,0.0,,0.0,0.0,
César Montes,DF,Mexico,25,1997,3.0,0,1,0,0.0,0.33,0.0,0.0,13.0,0.0,0,0,0.2,0.2,0.18,-0.2,-0.2,
Daichi Kamada,FW,Japan,26,1996,3.6,0,6,1,16.7,1.68,0.28,0.0,17.5,1.0,0,0,0.6,0.6,0.11,-0.6,-0.6,0.0
Daizen Maeda,FW,Japan,25,1997,2.0,1,2,1,50.0,1.0,0.5,0.5,9.5,0.0,0,0,0.5,0.5,0.24,0.5,0.5,1.0
Daley Blind,DF,Netherlands,32,1990,4.7,1,5,2,40.0,1.06,0.43,0.2,12.3,0.0,0,0,0.4,0.4,0.08,0.6,0.6,0.5
Damian Szymański,MF,Poland,27,1995,0.3,0,0,0,,0.0,0.0,,,0.0,0,0,0.0,0.0,,0.0,0.0,
Dani Alves,DF,Brazil,39,1983,1.3,0,3,0,0.0,2.29,0.0,0.0,21.9,1.0,0,0,0.2,0.2,0.06,-0.2,-0.2,
Dani Carvajal,DF,Spain,30,1992,1.5,0,0,0,,0.0,0.0,,,0.0,0,0,0.0,0.0,,0.0,0.0,
Dani Olmo,FW,Spain,24,1998,4.1,1,12,6,50.0,2.94,1.47,0.08,21.4,0.0,0,0,1.4,1.4,0.12,-0.4,-0.4,0.17
Daniel Amartey,DF,Ghana,27,1994,2.8,0,1,0,0.0,0.36,0.0,0.0,5.7,0.0,0,0,0.2,0.2,0.23,-0.2,-0.2,
Daniel Chacón,MF,Costa Rica,21,2001,0.0,0,0,0,,0.0,0.0,,,0.0,0,0,0.0,0.0,,0.0,0.0,
Daniel James,FW,Wales,25,1997,1.7,0,0,0,,0.0,0.0,,,0.0,0,0,0.0,0.0,,0.0,0.0,
Daniel Kyereh,MF,Ghana,26,1996,0.4,0,0,0,,0.0,0.0,,,0.0,0,0,0.0,0.0,,0.0,0.0,
Danilo,DF,Brazil,31,1991,3.1,0,2,0,0.0,0.64,0.0,0.0,27.7,0.0,0,0,0.0,0.0,0.02,0.0,0.0,
Danilo Pereira,DF,Portugal,31,1991,1.0,0,0,0,,0.0,0.0,,,0.0,0,0,0.0,0.0,,0.0,0.0,
Danny Ward,GK,Wales,29,1993,1.0,0,0,0,,0.0,0.0,,,0.0,0,0,0.0,0.0,,0.0,0.0,
Darko Lazovič,DF,Serbia,32,1990,0.3,0,1,0,0.0,3.6,0.0,0.0,27.3,0.0,0,0,0.0,0.0,0.01,0.0,0.0,
Darwin Núñez,FW,Uruguay,23,1999,2.7,0,3,1,33.3,1.13,0.37,0.0,22.4,0.0,0,0,0.4,0.4,0.13,-0.4,-0.4,0.0
David Raum,DF,Germany,24,1998,2.7,0,0,0,,0.0,0.0,,,0.0,0,0,0.0,0.0,,0.0,0.0,
David Wotherspoon,MF,Canada,32,1990,0.2,0,0,0,,0.0,0.0,,,0.0,0,0,0.0,0.0,,0.0,0.0,
Davy Klaassen,MF,Netherlands,29,1993,2.1,1,2,1,50.0,0.95,0.47,0.5,9.9,0.0,0,0,0.2,0.2,0.12,0.8,0.8,1.0
Dayot Upamecano,DF,France,24,1998,5.3,0,1,0,0.0,0.19,0.0,0.0,9.7,0.0,0,0,0.0,0.0,0.05,0.0,0.0,
DeAndre Yedlin,DF,United States,29,1993,0.4,0,0,0,,0.0,0.0,,,0.0,0,0,0.0,0.0,,0.0,0.0,
Declan Rice,MF,England,23,1999,4.6,0,0,0,,0.0,0.0,,,0.0,0,0,0.0,0.0,,0.0,0.0,
Dejan Lovren,DF,Croatia,33,1989,6.7,0,4,0,0.0,0.6,0.0,0.0,14.8,0.0,0,0,0.3,0.3,0.06,-0.3,-0.3,
Denis Odoi,DF,Ghana,34,1988,0.1,0,0,0,,0.0,0.0,,,0.0,0,0,0.0,0.0,,0.0,0.0,
Denis Zakaria,MF,Switzerland,26,1996,0.7,0,1,0,0.0,1.53,0.0,0.0,25.4,0.0,0,0,0.0,0.0,0.05,0.0,0.0,
Denzel Dumfries,DF,Netherlands,26,1996,5.3,1,1,1,100.0,0.19,0.19,1.0,8.7,0.0,0,0,0.4,0.4,0.38,0.6,0.6,1.0
Devis Epassy,GK,Cameroon,29,1993,2.0,0,0,0,,0.0,0.0,,,0.0,0,0,0.0,0.0,,0.0,0.0,
Diego Godín,DF,Uruguay,36,1986,1.7,0,1,0,0.0,0.6,0.0,0.0,10.6,0.0,0,0,0.1,0.1,0.06,-0.1,-0.1,
Diogo Costa,GK,Portugal,23,1999,5.0,0,0,0,,0.0,0.0,,,0.0,0,0,0.0,0.0,,0.0,0.0,
Diogo Dalot,DF,Portugal,23,1999,2.9,0,1,1,100.0,0.35,0.35,0.0,29.8,0.0,0,0,0.0,0.0,0.04,0.0,0.0,0.0
Djibril Sow,MF,Switzerland,25,1997,2.9,0,2,0,0.0,0.68,0.0,0.0,15.6,0.0,0,0,0.2,0.2,0.08,-0.2,-0.2,
Djorkaeff Reasco,FW,Ecuador,23,1999,0.3,0,0,0,,0.0,0.0,,,0.0,0,0,0.0,0.0,,0.0,0.0,
Dominik Livakovič,GK,Croatia,27,1995,7.7,0,0,0,,0.0,0.0,,,0.0,0,0,0.0,0.0,,0.0,0.0,
Dries Mertens,MF,Belgium,35,1987,0.8,0,3,1,33.3,3.55,1.18,0.0,14.7,0.0,0,0,0.8,0.8,0.27,-0.8,-0.8,0.0
Dušan Tadič,MF,Serbia,34,1988,2.9,0,1,0,0.0,0.35,0.0,0.0,13.3,0.0,0,0,0.1,0.1,0.08,-0.1,-0.1,
Dušan Vlahovič,FW,Serbia,22,2000,0.9,1,3,3,100.0,3.42,3.42,0.33,10.9,0.0,0,0,0.8,0.8,0.27,0.2,0.2,0.33
Dylan Bronn,DF,Tunisia,27,1995,1.8,0,1,0,0.0,0.56,0.0,0.0,17.8,0.0,0,0,0.1,0.1,0.07,-0.1,-0.1,
Eden Hazard,MF,Belgium,31,1991,1.4,0,1,1,100.0,0.73,0.73,0.0,18.7,0.0,0,0,0.1,0.1,0.05,-0.1,-0.1,0.0
Ederson,GK,Brazil,29,1993,1.0,0,0,0,,0.0,0.0,,,0.0,0,0,0.0,0.0,,0.0,0.0,
Edimilson Fernandes,FW,Switzerland,26,1996,1.6,0,1,0,0.0,0.62,0.0,0.0,24.2,0.0,0,0,0.0,0.0,0.03,0.0,0.0,
Edinson Cavani,FW,Uruguay,35,1987,1.4,0,3,0,0.0,2.18,0.0,0.0,13.8,0.0,0,0,0.3,0.3,0.1,-0.3,-0.3,
Edouard Mendy,GK,Senegal,30,1992,4.0,0,0,0,,0.0,0.0,,,0.0,0,0,0.0,0.0,,0.0,0.0,
Edson Álvarez,MF,Mexico,25,1997,1.9,0,1,1,100.0,0.51,0.51,0.0,33.1,0.0,0,0,0.0,0.0,0.02,0.0,0.0,0.0
Eduardo Camavinga,DF,France,20,2002,1.6,0,0,0,,0.0,0.0,,,0.0,0,0,0.0,0.0,,0.0,0.0,
Ehsan Hajsafi,MF,IR Iran,32,1990,2.6,0,1,0,0.0,0.38,0.0,0.0,14.4,0.0,0,0,0.2,0.2,0.16,-0.2,-0.2,
Ellyes Skhiri,MF,Tunisia,27,1995,3.0,0,2,0,0.0,0.67,0.0,0.0,22.5,0.0,0,0,0.1,0.1,0.03,-0.1,-0.1,
Emiliano Martínez,GK,Argentina,30,1992,7.7,0,0,0,,0.0,0.0,,,0.0,0,0,0.0,0.0,,0.0,0.0,
Enner Valencia,FW,Ecuador,33,1989,2.8,3,8,3,37.5,2.82,1.06,0.25,18.9,1.0,1,1,2.3,1.5,0.19,0.7,0.5,0.67
Enzo Ebosse,DF,Cameroon,23,1999,1.0,0,0,0,,0.0,0.0,,,0.0,0,0,0.0,0.0,,0.0,0.0,
Enzo Fernández,MF,Argentina,21,2001,6.3,1,8,3,37.5,1.28,0.48,0.13,24.9,0.0,0,0,0.3,0.3,0.04,0.7,0.7,0.33
Eray Cömert,DF,Switzerland,24,1998,0.5,0,0,0,,0.0,0.0,,,0.0,0,0,0.0,0.0,,0.0,0.0,
Eric Dier,DF,England,28,1994,0.4,0,0,0,,0.0,0.0,,,0.0,0,0,0.0,0.0,,0.0,0.0,
Eric Maxim Choupo-Moting,FW,Cameroon,33,1989,2.8,1,3,2,66.7,1.07,0.71,0.33,9.1,0.0,0,0,0.8,0.8,0.28,0.2,0.2,0.5
Erick Gutiérrez,MF,Mexico,27,1995,0.5,0,0,0,,0.0,0.0,,,0.0,0,0,0.0,0.0,,0.0,0.0,
Ethan Ampadu,MF,Wales,22,2000,2.8,0,1,0,0.0,0.35,0.0,0.0,32.4,0.0,0,0,0.0,0.0,0.04,0.0,0.0,
Everton Ribeiro,MF,Brazil,33,1989,0.4,0,0,0,,0.0,0.0,,,0.0,0,0,0.0,0.0,,0.0,0.0,
Exequiel Palacios,MF,Argentina,24,1998,0.6,0,1,0,0.0,1.8,0.0,0.0,16.3,0.0,0,0,0.1,0.1,0.07,-0.1,-0.1,
Fabian Frei,MF,Switzerland,33,1989,0.3,0,0,0,,0.0,0.0,,,0.0,0,0,0.0,0.0,,0.0,0.0,
Fabian Rieder,FW,Switzerland,20,2002,0.8,0,0,0,,0.0,0.0,,,0.0,0,0,0.0,0.0,,0.0,0.0,
Fabian Schär,DF,Switzerland,30,1991,1.5,0,2,0,0.0,1.33,0.0,0.0,16.7,0.0,0,0,0.1,0.1,0.07,-0.1,-0.1,
Fabinho,MF,Brazil,29,1993,1.0,0,0,0,,0.0,0.0,,,0.0,0,0,0.0,0.0,,0.0,0.0,
Facundo Pellistri,MF,Uruguay,20,2001,2.0,0,1,0,0.0,0.5,0.0,0.0,11.5,0.0,0,0,0.2,0.2,0.17,-0.2,-0.2,
Famara Diedhiou,FW,Senegal,30,1992,1.0,1,3,1,33.3,2.93,0.98,0.33,9.1,0.0,0,0,0.2,0.2,0.07,0.8,0.8,1.0
Federico Valverde,MF,Uruguay,24,1998,3.0,0,7,1,14.3,2.33,0.33,0.0,33.0,0.0,0,0,0.2,0.2,0.02,-0.2,-0.2,0.0
Ferjani Sassi,MF,Tunisia,30,1992,0.5,0,1,0,0.0,1.87,0.0,0.0,33.3,0.0,0,0,0.0,0.0,0.02,0.0,0.0,
Ferrán Torres,FW,Spain,22,2000,2.4,2,3,1,33.3,1.24,0.41,0.33,17.1,0.0,1,1,1.0,0.2,0.08,1.0,0.8,1.0
Filip Kostič,DF,Serbia,30,1992,2.0,0,1,0,0.0,0.5,0.0,0.0,18.3,0.0,0,0,0.0,0.0,0.02,0.0,0.0,
Filip Mladenovič,DF,Serbia,31,1991,0.7,0,1,0,0.0,1.38,0.0,0.0,10.7,0.0,0,0,0.0,0.0,0.02,0.0,0.0,
Filip Đuričič,MF,Serbia,30,1992,0.2,0,0,0,,0.0,0.0,,,0.0,0,0,0.0,0.0,,0.0,0.0,
Firas Al-Buraikan,MF,Saudi Arabia,22,2000,3.0,0,2,0,0.0,0.67,0.0,0.0,15.4,0.0,0,0,0.1,0.1,0.06,-0.1,-0.1,
Fodé Ballo-Touré,DF,Senegal,25,1997,0.1,0,0,0,,0.0,0.0,,,0.0,0,0,0.0,0.0,,0.0,0.0,
Fran Karačič,DF,Australia,26,1996,1.0,0,3,0,0.0,2.9,0.0,0.0,26.1,0.0,0,0,0.2,0.2,0.06,-0.2,-0.2,
Francisco Calvo,DF,Costa Rica,30,1992,2.0,0,1,0,0.0,0.5,0.0,0.0,28.8,0.0,0,0,0.0,0.0,0.01,0.0,0.0,
Fred,MF,Brazil,29,1993,1.6,0,3,1,33.3,1.9,0.63,0.0,18.3,0.0,0,0,0.3,0.3,0.11,-0.3,-0.3,0.0
Frenkie de Jong,MF,Netherlands,25,1997,5.3,1,2,1,50.0,0.38,0.19,0.5,14.2,0.0,0,0,0.9,0.9,0.44,0.1,0.1,1.0
Félix Torres Caicedo,DF,Ecuador,25,1997,3.0,0,1,0,0.0,0.33,0.0,0.0,8.5,0.0,0,0,0.1,0.1,0.12,-0.1,-0.1,
Gabriel Jesus,FW,Brazil,25,1997,1.0,0,2,1,50.0,1.94,0.97,0.0,8.8,0.0,0,0,0.4,0.4,0.18,-0.4,-0.4,0.0
Garang Kuol,FW,Australia,18,2004,0.4,0,1,1,100.0,2.43,2.43,0.0,9.6,0.0,0,0,0.4,0.4,0.38,-0.4,-0.4,0.0
Gareth Bale,FW,Wales,33,1989,2.5,1,1,1,100.0,0.4,0.4,0.0,46.6,0.0,1,1,0.8,0.0,0.02,0.2,0.0,0.0
Gavi,MF,Spain,18,2004,3.2,1,1,1,100.0,0.32,0.32,1.0,17.6,0.0,0,0,0.1,0.1,0.14,0.9,0.9,1.0
Gaël Ondoua,MF,Cameroon,27,1995,0.5,0,0,0,,0.0,0.0,,,0.0,0,0,0.0,0.0,,0.0,0.0,
Georges-Kévin N'Koudou,FW,Cameroon,27,1995,0.3,0,1,1,100.0,3.33,3.33,0.0,26.6,1.0,0,0,0.0,0.0,0.04,0.0,0.0,0.0
Germán Pezzella,DF,Argentina,31,1991,0.7,0,1,0,0.0,1.5,0.0,0.0,10.0,0.0,0,0,0.1,0.1,0.07,-0.1,-0.1,
Gerson Torres,MF,Costa Rica,25,1997,0.7,0,1,0,0.0,1.41,0.0,0.0,30.8,0.0,0,0,0.0,0.0,0.01,0.0,0.0,
Ghaylène Chaalali,MF,Tunisia,28,1994,0.2,0,0,0,,0.0,0.0,,,0.0,0,0,0.0,0.0,,0.0,0.0,
Gideon Mensah,DF,Ghana,24,1998,1.0,0,0,0,,0.0,0.0,,,0.0,0,0,0.0,0.0,,0.0,0.0,
Gio Reyna,FW,United States,20,2002,0.6,0,2,0,0.0,3.4,0.0,0.0,20.9,0.0,0,0,0.1,0.1,0.03,-0.1,-0.1,
Giorgian De Arrascaeta,MF,Uruguay,28,1994,1.2,2,3,3,100.0,2.5,2.5,0.67,9.6,0.0,0,0,1.2,1.2,0.4,0.8,0.8,0.67
Gleison Bremer,DF,Brazil,25,1997,1.2,0,1,0,0.0,0.83,0.0,0.0,5.5,0.0,0,0,0.2,0.2,0.17,-0.2,-0.2,
Gonzalo Montiel,DF,Argentina,25,1997,1.3,0,1,0,0.0,0.76,0.0,0.0,27.3,0.0,0,0,0.0,0.0,0.02,0.0,0.0,
Gonzalo Plata,MF,Ecuador,22,2000,3.0,0,2,1,50.0,0.67,0.33,0.0,15.2,0.0,0,0,0.1,0.1,0.07,-0.1,-0.1,0.0
Gonçalo Ramos,FW,Portugal,21,2001,1.7,3,7,5,71.4,4.14,2.96,0.43,11.3,0.0,0,0,1.6,1.6,0.22,1.4,1.4,0.6
Granit Xhaka,MF,Switzerland,30,1992,4.0,0,6,3,50.0,1.5,0.75,0.0,21.6,0.0,0,0,0.3,0.3,0.05,-0.3,-0.3,0.0
Gregor Kobel,GK,Switzerland,25,1997,1.0,0,0,0,,0.0,0.0,,,0.0,0,0,0.0,0.0,,0.0,0.0,
Grzegorz Krychowiak,MF,Poland,32,1990,3.7,0,1,0,0.0,0.27,0.0,0.0,29.9,0.0,0,0,0.0,0.0,0.02,0.0,0.0,
Guido Rodríguez,MF,Argentina,28,1994,0.6,0,0,0,,0.0,0.0,,,0.0,0,0,0.0,0.0,,0.0,0.0,
Guillermo Ochoa,GK,Mexico,37,1985,3.0,0,0,0,,0.0,0.0,,,0.0,0,0,0.0,0.0,,0.0,0.0,
Guillermo Varela,DF,Uruguay,29,1993,2.0,0,0,0,,0.0,0.0,,,0.0,0,0,0.0,0.0,,0.0,0.0,
Haji Wright,FW,United States,24,1998,1.5,1,6,2,33.3,3.94,1.31,0.17,13.6,0.0,0,0,0.5,0.5,0.09,0.5,0.5,0.5
Hakim Ziyech,FW,Morocco,29,1993,7.1,1,10,2,20.0,1.42,0.28,0.1,27.2,1.0,0,0,0.4,0.4,0.04,0.6,0.6,0.5
Hannibal Mejbri,MF,Tunisia,19,2003,0.1,0,0,0,,0.0,0.0,,,0.0,0,0,0.0,0.0,,0.0,0.0,
Haris Seferovič,FW,Switzerland,30,1992,0.8,0,1,0,0.0,1.27,0.0,0.0,12.8,0.0,0,0,0.2,0.2,0.19,-0.2,-0.2,
Harry Kane,FW,England,29,1993,4.5,2,10,5,50.0,2.24,1.12,0.1,20.4,0.0,1,2,2.7,1.1,0.11,-0.7,-0.1,0.2
Harry Maguire,DF,England,29,1993,4.8,0,6,1,16.7,1.26,0.21,0.0,10.0,0.0,0,0,0.4,0.4,0.06,-0.4,-0.4,0.0
Harry Souttar,DF,Australia,24,1998,4.0,0,1,0,0.0,0.25,0.0,0.0,8.5,0.0,0,0,0.1,0.1,0.08,-0.1,-0.1,
Harry Wilson,MF,Wales,25,1997,1.8,0,2,0,0.0,1.13,0.0,0.0,20.9,1.0,0,0,0.1,0.1,0.05,-0.1,-0.1,
Hassan Al Tambakti,DF,Saudi Arabia,23,1999,2.0,0,0,0,,0.0,0.0,,,0.0,0,0,0.0,0.0,,0.0,0.0,
Hassan Al-Haydos,MF,Qatar,32,1990,2.3,0,1,1,100.0,0.44,0.44,0.0,29.2,0.0,0,0,0.0,0.0,0.01,0.0,0.0,0.0
Hattan Bahebri,MF,Saudi Arabia,30,1992,0.0,0,0,0,,0.0,0.0,,,0.0,0,0,0.0,0.0,,0.0,0.0,
Henry Martín,FW,Mexico,30,1992,1.6,1,4,2,50.0,2.47,1.23,0.25,9.9,0.0,0,0,0.9,0.9,0.23,0.1,0.1,0.5
Hernán Galíndez,GK,Ecuador,35,1987,3.0,0,0,0,,0.0,0.0,,,0.0,0,0,0.0,0.0,,0.0,0.0,
Hidemasa Morita,MF,Japan,27,1995,3.2,0,3,1,33.3,0.95,0.32,0.0,22.9,0.0,0,0,0.2,0.2,0.05,-0.2,-0.2,0.0
Hiroki Ito,DF,Japan,23,1999,0.5,0,0,0,,0.0,0.0,,,0.0,0,0,0.0,0.0,,0.0,0.0,
Hiroki Sakai,MF,Japan,32,1990,1.3,0,1,0,0.0,0.76,0.0,0.0,5.4,0.0,0,0,0.5,0.5,0.53,-0.5,-0.5,
Hirving Lozano,FW,Mexico,27,1995,2.8,0,6,3,50.0,2.14,1.07,0.0,26.0,1.0,0,0,0.2,0.2,0.03,-0.2,-0.2,0.0
Homam Ahmed,DF,Qatar,23,1999,2.9,0,0,0,,0.0,0.0,,,0.0,0,0,0.0,0.0,,0.0,0.0,
Hong Chul,DF,Korea Republic,32,1990,0.5,0,0,0,,0.0,0.0,,,0.0,0,0,0.0,0.0,,0.0,0.0,
Hossein Hosseini,GK,IR Iran,30,1992,1.8,0,0,0,,0.0,0.0,,,0.0,0,0,0.0,0.0,,0.0,0.0,
Hossein Kanaanizadegan,DF,IR Iran,28,1994,0.5,0,0,0,,0.0,0.0,,,0.0,0,0,0.0,0.0,,0.0,0.0,
Hugo Lloris,GK,France,35,1986,6.3,0,0,0,,0.0,0.0,,,0.0,0,0,0.0,0.0,,0.0,0.0,
Hwang Hee-chan,MF,Korea Republic,26,1996,1.3,1,6,5,83.3,4.7,3.91,0.17,17.5,0.0,0,0,0.9,0.9,0.15,0.1,0.1,0.2
Hwang In-beom,MF,Korea Republic,26,1996,3.7,0,6,1,16.7,1.62,0.27,0.0,27.1,0.0,0,0,0.2,0.2,0.04,-0.2,-0.2,0.0
Hwang Ui-jo,FW,Korea Republic,30,1992,1.2,0,1,0,0.0,0.85,0.0,0.0,10.5,0.0,0,0,0.5,0.5,0.47,-0.5,-0.5,
Héctor Herrera,MF,Mexico,32,1990,1.8,0,0,0,,0.0,0.0,,,0.0,0,0,0.0,0.0,,0.0,0.0,
Héctor Moreno,DF,Mexico,34,1988,3.0,0,1,0,0.0,0.33,0.0,0.0,5.8,0.0,0,0,0.2,0.2,0.18,-0.2,-0.2,
Ibrahima Konaté,DF,France,23,1999,3.3,0,2,1,50.0,0.61,0.31,0.0,7.7,0.0,0,0,0.4,0.4,0.18,-0.4,-0.4,0.0
Idrissa Gana Gueye,MF,Senegal,33,1989,3.0,0,4,1,25.0,1.33,0.33,0.0,19.6,0.0,0,0,0.3,0.3,0.08,-0.3,-0.3,0.0
Ilias Chair,MF,Morocco,25,1997,0.5,0,0,0,,0.0,0.0,,,0.0,0,0,0.0,0.0,,0.0,0.0,
Iliman Ndiaye,FW,Senegal,22,2000,1.5,0,2,0,0.0,1.33,0.0,0.0,18.6,0.0,0,0,0.1,0.1,0.07,-0.1,-0.1,
Ismail Jakobs,DF,Senegal,23,1999,3.1,0,1,0,0.0,0.32,0.0,0.0,31.0,0.0,0,0,0.0,0.0,0.01,0.0,0.0,
Ismail Mohamad,FW,Qatar,32,1990,1.9,0,2,2,100.0,1.03,1.03,0.0,,,0,0,,,,,,0.0
Ismaila Sarr,FW,Senegal,24,1998,3.8,1,10,1,10.0,2.62,0.26,0.0,16.5,0.0,1,1,1.7,0.9,0.09,-0.7,-0.9,0.0
Ismaël Koné,MF,Canada,20,2002,1.2,0,0,0,,0.0,0.0,,,0.0,0,0,0.0,0.0,,0.0,0.0,
Issam Jebali,FW,Tunisia,30,1991,2.0,0,3,1,33.3,1.48,0.49,0.0,10.4,0.0,0,0,0.5,0.5,0.18,-0.5,-0.5,0.0
Ivan Ilič,MF,Serbia,21,2001,0.4,0,0,0,,0.0,0.0,,,0.0,0,0,0.0,0.0,,0.0,0.0,
Ivan Perišič,FW,Croatia,33,1989,7.4,1,16,4,25.0,2.15,0.54,0.06,20.0,1.0,0,0,0.9,0.9,0.06,0.1,0.1,0.25
Iñaki Williams,FW,Ghana,28,1994,3.0,0,2,0,0.0,0.67,0.0,0.0,20.1,0.0,0,0,0.3,0.3,0.15,-0.3,-0.3,
Jack Grealish,FW,England,27,1995,1.0,1,1,1,100.0,1.05,1.05,1.0,8.8,0.0,0,0,0.6,0.6,0.65,0.4,0.4,1.0
Jackson Irvine,MF,Australia,29,1993,3.9,0,3,0,0.0,0.76,0.0,0.0,9.3,0.0,0,0,0.5,0.5,0.17,-0.5,-0.5,
Jackson Porozo,DF,Ecuador,22,2000,1.1,0,1,0,0.0,0.94,0.0,0.0,15.0,0.0,0,0,0.1,0.1,0.05,-0.1,-0.1,
Jakub Kamiński,MF,Poland,20,2002,2.6,0,4,1,25.0,1.55,0.39,0.0,10.1,0.0,0,0,0.4,0.3,0.07,-0.4,-0.3,0.0
Jakub Kiwior,DF,Poland,22,2000,3.9,0,1,0,0.0,0.25,0.0,0.0,10.5,0.0,0,0,0.0,0.0,0.03,0.0,0.0,
Jamal Musiala,MF,Germany,19,2003,2.9,0,12,3,25.0,4.19,1.05,0.0,14.5,0.0,0,0,1.9,1.9,0.16,-1.9,-1.9,0.0
Jamie Maclaren,FW,Australia,29,1993,0.6,0,0,0,,0.0,0.0,,,0.0,0,0,0.0,0.0,,0.0,0.0,
Jan Bednarek,DF,Poland,26,1996,0.1,0,0,0,,0.0,0.0,,,0.0,0,0,0.0,0.0,,0.0,0.0,
Jan Vertonghen,DF,Belgium,35,1987,3.0,0,2,0,0.0,0.67,0.0,0.0,10.4,0.0,0,0,0.2,0.2,0.08,-0.2,-0.2,
Jason Cummings,FW,Australia,27,1995,0.4,0,0,0,,0.0,0.0,,,0.0,0,0,0.0,0.0,,0.0,0.0,
Jawad El Yamiq,DF,Morocco,30,1992,3.4,0,2,1,50.0,0.58,0.29,0.0,12.4,0.0,0,0,0.1,0.1,0.05,-0.1,-0.1,0.0
Jean-Charles Castelletto,DF,Cameroon,27,1995,2.0,1,1,1,100.0,0.5,0.5,1.0,1.1,0.0,0,0,0.9,0.9,0.95,0.1,0.1,1.0
Jeong Woo-yeong,MF,Korea Republic,23,1999,0.5,0,1,0,0.0,2.0,0.0,0.0,24.4,0.0,0,0,0.0,0.0,0.03,0.0,0.0,
Jeremy Doku,MF,Belgium,20,2002,0.2,0,0,0,,0.0,0.0,,,0.0,0,0,0.0,0.0,,0.0,0.0,
Jeremy Sarmiento,MF,Ecuador,20,2002,0.9,0,1,1,100.0,1.06,1.06,0.0,14.5,0.0,0,0,0.1,0.1,0.07,-0.1,-0.1,0.0
Jerome Ngom Mbekeli,MF,Cameroon,24,1998,0.1,0,0,0,,0.0,0.0,,,0.0,0,0,0.0,0.0,,0.0,0.0,
Jesper Lindstrøm,MF,Denmark,22,2000,2.2,0,3,1,33.3,1.35,0.45,0.0,16.2,0.0,0,0,0.3,0.3,0.1,-0.3,-0.3,0.0
Jesús Ferreira,FW,United States,21,2000,0.5,0,0,0,,0.0,0.0,,,0.0,0,0,0.0,0.0,,0.0,0.0,
Jesús Gallardo,DF,Mexico,28,1994,3.0,0,1,0,0.0,0.33,0.0,0.0,15.1,0.0,0,0,0.1,0.1,0.12,-0.1,-0.1,
Jewison Bennette,MF,Costa Rica,18,2004,1.1,0,1,0,0.0,0.87,0.0,0.0,28.6,0.0,0,0,0.0,0.0,0.04,0.0,0.0,
Jhegson Méndez,MF,Ecuador,25,1997,2.0,0,0,0,,0.0,0.0,,,0.0,0,0,0.0,0.0,,0.0,0.0,
Joachim Andersen,DF,Denmark,26,1996,3.0,0,4,1,25.0,1.33,0.33,0.0,18.1,0.0,0,0,0.1,0.1,0.02,-0.1,-0.1,0.0
Joakim Mæhle,DF,Denmark,25,1997,2.8,0,2,0,0.0,0.72,0.0,0.0,28.9,0.0,0,0,0.0,0.0,0.02,0.0,0.0,
Joe Allen,MF,Wales,32,1990,1.0,0,2,0,0.0,1.91,0.0,0.0,24.3,0.0,0,0,0.1,0.1,0.05,-0.1,-0.1,
Joe Morrell,MF,Wales,25,1997,0.4,0,0,0,,0.0,0.0,,,0.0,0,0,0.0,0.0,,0.0,0.0,
Joe Rodon,DF,Wales,25,1997,3.0,0,0,0,,0.0,0.0,,,0.0,0,0,0.0,0.0,,0.0,0.0,
Joel Campbell,FW,Costa Rica,30,1992,3.0,0,1,0,0.0,0.33,0.0,0.0,21.1,0.0,0,0,0.0,0.0,0.01,0.0,0.0,
Johan Venegas,FW,Costa Rica,34,1988,0.8,0,0,0,,0.0,0.0,,,0.0,0,0,0.0,0.0,,0.0,0.0,
John Stones,DF,England,28,1994,4.8,0,4,1,25.0,0.83,0.21,0.0,9.6,0.0,0,0,0.4,0.4,0.09,-0.4,-0.4,0.0
Jonas Hofmann,FW,Germany,30,1992,0.3,0,1,1,100.0,3.0,3.0,0.0,11.5,0.0,0,0,0.3,0.3,0.27,-0.3,-0.3,0.0
Jonathan David,FW,Canada,22,2000,2.1,0,8,1,12.5,3.75,0.47,0.0,14.1,0.0,0,0,1.0,0.7,0.09,-1.0,-0.7,0.0
Jonathan Osorio,MF,Canada,30,1992,1.3,0,1,0,0.0,0.76,0.0,0.0,23.7,0.0,0,0,0.1,0.1,0.06,-0.1,-0.1,
Jordan Ayew,FW,Ghana,31,1991,1.5,0,1,1,100.0,0.66,0.66,0.0,21.2,0.0,0,0,0.1,0.1,0.05,-0.1,-0.1,0.0
Jordan Henderson,MF,England,32,1990,3.0,1,2,1,50.0,0.66,0.33,0.5,18.5,0.0,0,0,0.2,0.2,0.08,0.8,0.8,1.0
Jordan Morris,FW,United States,28,1994,0.0,0,0,0,,0.0,0.0,,,0.0,0,0,0.0,0.0,,0.0,0.0,
Jordan Pickford,GK,England,28,1994,5.0,0,0,0,,0.0,0.0,,,0.0,0,0,0.0,0.0,,0.0,0.0,
Jordan Veretout,MF,France,29,1993,0.7,0,0,0,,0.0,0.0,,,0.0,0,0,0.0,0.0,,0.0,0.0,
Jordi Alba,DF,Spain,33,1989,2.9,0,2,0,0.0,0.68,0.0,0.0,26.6,0.0,0,0,0.0,0.0,0.02,0.0,0.0,
Jorge Eduardo Sánchez,DF,Mexico,25,1997,1.9,0,1,1,100.0,0.51,0.51,0.0,18.3,0.0,0,0,0.0,0.0,0.02,0.0,0.0,0.0
Josh Sargent,FW,United States,22,2000,1.7,0,4,1,25.0,2.29,0.57,0.0,14.0,0.0,0,0,0.4,0.4,0.09,-0.4,-0.4,0.0
Joshua Kimmich,MF,Germany,27,1995,3.0,0,7,4,57.1,2.33,1.33,0.0,25.9,1.0,0,0,0.4,0.4,0.05,-0.4,-0.4,0.0
Josip Juranovič,DF,Croatia,27,1995,6.7,0,1,0,0.0,0.15,0.0,0.0,18.1,0.0,0,0,0.0,0.0,0.03,0.0,0.0,
Josip Stanišič,DF,Croatia,22,2000,1.0,0,1,0,0.0,1.0,0.0,0.0,28.6,0.0,0,0,0.0,0.0,0.02,0.0,0.0,
Josip Å utalo,DF,Croatia,22,2000,1.0,0,0,0,,0.0,0.0,,,0.0,0,0,0.0,0.0,,0.0,0.0,
José Cifuentes,MF,Ecuador,23,1999,0.7,0,1,1,100.0,1.53,1.53,0.0,29.4,0.0,0,0,0.0,0.0,0.02,0.0,0.0,0.0
José María Giménez,DF,Uruguay,27,1995,3.0,0,3,0,0.0,1.0,0.0,0.0,13.2,0.0,0,0,0.2,0.2,0.06,-0.2,-0.2,
João Cancelo,DF,Portugal,28,1994,3.4,0,2,1,50.0,0.58,0.29,0.0,15.4,0.0,0,0,0.0,0.0,0.02,0.0,0.0,0.0
João Félix,FW,Portugal,23,1999,3.7,1,11,3,27.3,2.99,0.82,0.09,18.6,0.0,0,0,0.9,0.9,0.08,0.1,0.1,0.33
João Mário,FW,Portugal,29,1993,0.9,0,0,0,,0.0,0.0,,,0.0,0,0,0.0,0.0,,0.0,0.0,
João Palhinha,MF,Portugal,27,1995,0.4,0,1,0,0.0,2.37,0.0,0.0,33.2,0.0,0,0,0.0,0.0,0.03,0.0,0.0,
Joško Gvardiol,DF,Croatia,20,2002,7.7,1,2,1,50.0,0.26,0.13,0.5,16.8,0.0,0,0,0.1,0.1,0.07,0.9,0.9,1.0
Juan Foyth,DF,Argentina,24,1998,0.1,0,0,0,,0.0,0.0,,,0.0,0,0,0.0,0.0,,0.0,0.0,
Juan Pablo Vargas,DF,Costa Rica,27,1995,1.0,1,2,2,100.0,2.0,2.0,0.5,3.9,0.0,0,0,0.5,0.5,0.27,0.5,0.5,0.5
Jude Bellingham,MF,England,19,2003,4.6,1,5,3,60.0,1.09,0.65,0.2,12.4,0.0,0,0,0.6,0.6,0.11,0.4,0.4,0.33
Jules Koundé,DF,France,24,1998,5.3,0,4,1,25.0,0.75,0.19,0.0,19.9,0.0,0,0,0.2,0.2,0.05,-0.2,-0.2,0.0
Julián Álvarez,FW,Argentina,22,2000,5.2,4,11,8,72.7,2.13,1.55,0.36,12.2,0.0,0,0,2.6,2.6,0.24,1.4,1.4,0.5
Jung Woo-young,MF,Korea Republic,33,1989,3.4,0,1,0,0.0,0.3,0.0,0.0,25.1,0.0,0,0,0.0,0.0,0.03,0.0,0.0,
Junior Hoilett,FW,Canada,32,1990,1.8,0,4,0,0.0,2.24,0.0,0.0,24.3,0.0,0,0,0.1,0.1,0.03,-0.1,-0.1,
Junya Ito,MF,Japan,29,1993,3.6,0,2,1,50.0,0.56,0.28,0.0,11.1,0.0,0,0,0.2,0.2,0.09,-0.2,-0.2,0.0
Jurriën Timber,DF,Netherlands,21,2001,4.3,0,0,0,,0.0,0.0,,,0.0,0,0,0.0,0.0,,0.0,0.0,
Kai Havertz,FW,Germany,23,1999,1.1,2,5,3,60.0,4.41,2.65,0.4,13.1,0.0,0,0,1.4,1.4,0.27,0.6,0.6,0.67
Kalidou Koulibaly,DF,Senegal,31,1991,4.0,1,2,1,50.0,0.5,0.25,0.5,7.9,0.0,0,0,0.5,0.5,0.25,0.5,0.5,1.0
Kalvin Phillips,MF,England,27,1995,0.5,0,0,0,,0.0,0.0,,,0.0,0,0,0.0,0.0,,0.0,0.0,
Kamal Miller,DF,Canada,25,1997,3.0,0,0,0,,0.0,0.0,,,0.0,0,0,0.0,0.0,,0.0,0.0,
Kamaldeen Sulemana,FW,Ghana,20,2002,0.6,0,1,1,100.0,1.55,1.55,0.0,21.8,0.0,0,0,0.1,0.1,0.06,-0.1,-0.1,0.0
Kamil Glik,DF,Poland,34,1988,4.0,0,3,0,0.0,0.75,0.0,0.0,11.6,0.0,0,0,0.2,0.2,0.08,-0.2,-0.2,
Kamil Grosicki,MF,Poland,34,1988,0.0,0,0,0,,0.0,0.0,,,0.0,0,0,0.0,0.0,,0.0,0.0,
Kaoru Mitoma,MF,Japan,25,1997,1.8,0,1,1,100.0,0.55,0.55,0.0,21.5,0.0,0,0,0.1,0.1,0.08,-0.1,-0.1,0.0
Karim Ansarifard,FW,IR Iran,32,1990,0.4,0,1,0,0.0,2.57,0.0,0.0,21.9,0.0,0,0,0.1,0.1,0.07,-0.1,-0.1,
Karim Boudiaf,MF,Qatar,32,1990,2.1,0,0,0,,0.0,0.0,,,0.0,0,0,0.0,0.0,,0.0,0.0,
Karl Toko Ekambi,FW,Cameroon,30,1992,1.8,0,2,1,50.0,1.08,0.54,0.0,15.6,0.0,0,0,0.2,0.2,0.09,-0.2,-0.2,0.0
Karol ÅŚwiderski,FW,Poland,25,1997,0.5,0,0,0,,0.0,0.0,,,0.0,0,0,0.0,0.0,,0.0,0.0,
Kasper Dolberg,FW,Denmark,25,1997,1.3,0,3,1,33.3,2.37,0.79,0.0,8.6,0.0,0,0,0.4,0.4,0.13,-0.4,-0.4,0.0
Kasper Schmeichel,GK,Denmark,36,1986,3.0,0,0,0,,0.0,0.0,,,0.0,0,0,0.0,0.0,,0.0,0.0,
Keanu Baccus,MF,Australia,24,1998,1.3,0,1,0,0.0,0.79,0.0,0.0,23.9,0.0,0,0,0.0,0.0,0.05,0.0,0.0,
Kellyn Acosta,MF,United States,27,1995,0.5,0,0,0,,0.0,0.0,,,0.0,0,0,0.0,0.0,,0.0,0.0,
Kendall Waston,DF,Costa Rica,34,1988,2.5,0,1,1,100.0,0.4,0.4,0.0,10.5,0.0,0,0,0.2,0.2,0.15,-0.2,-0.2,0.0
Kenneth Taylor,MF,Netherlands,20,2002,0.1,0,0,0,,0.0,0.0,,,0.0,0,0,0.0,0.0,,0.0,0.0,
Kevin De Bruyne,FW,Belgium,31,1991,3.0,0,7,2,28.6,2.33,0.67,0.0,23.3,1.0,0,0,0.2,0.2,0.03,-0.2,-0.2,0.0
Kevin Rodríguez,FW,Ecuador,22,2000,0.0,0,2,1,50.0,90.0,45.0,0.0,,,0,0,,,,,,0.0
Kevin Álvarez,DF,Mexico,23,1999,0.8,0,0,0,,0.0,0.0,,,0.0,0,0,0.0,0.0,,0.0,0.0,
Keylor Navas,GK,Costa Rica,36,1986,3.0,0,0,0,,0.0,0.0,,,0.0,0,0,0.0,0.0,,0.0,0.0,
Keysher Fuller,DF,Costa Rica,28,1994,2.8,1,3,2,66.7,1.07,0.71,0.33,15.5,0.0,0,0,0.4,0.4,0.13,0.6,0.6,0.5
Kieffer Moore,FW,Wales,30,1992,2.5,0,6,2,33.3,2.4,0.8,0.0,16.2,0.0,0,0,1.0,1.0,0.17,-1.0,-1.0,0.0
Kieran Trippier,DF,England,32,1990,2.3,0,1,0,0.0,0.44,0.0,0.0,27.2,1.0,0,0,0.0,0.0,0.05,0.0,0.0,
Kim Jin-su,DF,Korea Republic,30,1992,3.5,0,4,0,0.0,1.14,0.0,0.0,11.2,0.0,0,0,0.3,0.3,0.08,-0.3,-0.3,
Kim Min-jae,DF,Korea Republic,26,1996,3.0,0,2,0,0.0,0.67,0.0,0.0,8.2,0.0,0,0,0.1,0.1,0.05,-0.1,-0.1,
Kim Moonhwan,DF,Korea Republic,27,1995,4.0,0,0,0,,0.0,0.0,,,0.0,0,0,0.0,0.0,,0.0,0.0,
Kim Seung-gyu,GK,Korea Republic,32,1990,4.0,0,0,0,,0.0,0.0,,,0.0,0,0,0.0,0.0,,0.0,0.0,
Kim Young-gwon,DF,Korea Republic,32,1990,3.9,1,2,1,50.0,0.51,0.26,0.5,10.9,0.0,0,0,0.8,0.8,0.38,0.2,0.2,1.0
Kingsley Coman,FW,France,26,1996,1.9,0,1,0,0.0,0.53,0.0,0.0,10.7,0.0,0,0,0.2,0.2,0.16,-0.2,-0.2,
Ko Itakura,DF,Japan,25,1997,3.0,0,3,1,33.3,1.0,0.33,0.0,14.6,0.0,0,0,0.2,0.2,0.05,-0.2,-0.2,0.0
Koke,MF,Spain,30,1992,0.6,0,0,0,,0.0,0.0,,,0.0,0,0,0.0,0.0,,0.0,0.0,
Kristijan Jakič,FW,Croatia,25,1997,0.0,0,0,0,,0.0,0.0,,,0.0,0,0,0.0,0.0,,0.0,0.0,
Krystian Bielik,MF,Poland,24,1998,2.4,0,2,0,0.0,0.83,0.0,0.0,15.8,0.0,0,0,0.2,0.2,0.09,-0.2,-0.2,
Krzysztof Piątek,FW,Poland,27,1995,0.3,0,1,0,0.0,3.21,0.0,0.0,15.6,0.0,0,0,0.0,0.0,0.03,0.0,0.0,
Krépin Diatta,FW,Senegal,23,1999,2.0,0,3,1,33.3,1.49,0.5,0.0,16.5,0.0,0,0,0.1,0.1,0.04,-0.1,-0.1,0.0
Kudus Mohammed,FW,Ghana,22,2000,2.7,2,8,4,50.0,2.91,1.46,0.25,21.8,0.0,0,0,0.8,0.8,0.1,1.2,1.2,0.5
Kwon Chang-hoon,FW,Korea Republic,28,1994,0.6,0,0,0,,0.0,0.0,,,0.0,0,0,0.0,0.0,,0.0,0.0,
Kwon Kyung-won,DF,Korea Republic,30,1992,1.0,0,1,0,0.0,0.99,0.0,0.0,33.8,0.0,0,0,0.0,0.0,0.02,0.0,0.0,
Kye Rowles,DF,Australia,24,1998,4.0,0,0,0,,0.0,0.0,,,0.0,0,0,0.0,0.0,,0.0,0.0,
Kyle Walker,DF,England,32,1990,2.6,0,0,0,,0.0,0.0,,,0.0,0,0,0.0,0.0,,0.0,0.0,
Kylian Mbappé,FW,France,23,1998,6.6,8,29,11,37.9,4.36,1.66,0.21,17.1,1.0,2,2,5.2,3.6,0.13,2.8,2.4,0.55
Lautaro Martínez,FW,Argentina,25,1997,2.7,0,14,4,28.6,5.23,1.49,0.0,12.6,0.0,0,0,1.8,1.8,0.13,-1.8,-1.8,0.0
Lawrence Ati-Zigi,GK,Ghana,26,1996,3.0,0,0,0,,0.0,0.0,,,0.0,0,0,0.0,0.0,,0.0,0.0,
Leander Dendoncker,DF,Belgium,27,1995,1.8,0,1,0,0.0,0.56,0.0,0.0,9.6,0.0,0,0,0.1,0.1,0.08,-0.1,-0.1,
Leandro Paredes,MF,Argentina,28,1994,2.5,0,1,1,100.0,0.4,0.4,0.0,30.6,0.0,0,0,0.0,0.0,0.03,0.0,0.0,0.0
Leandro Trossard,FW,Belgium,28,1994,1.1,0,0,0,,0.0,0.0,,,0.0,0,0,0.0,0.0,,0.0,0.0,
Lee Jae-sung,MF,Korea Republic,30,1992,2.3,0,1,0,0.0,0.43,0.0,0.0,26.8,0.0,0,0,0.0,0.0,0.02,0.0,0.0,
Lee Kangin,MF,Korea Republic,21,2001,1.6,0,5,1,20.0,3.06,0.61,0.0,25.9,2.0,0,0,0.2,0.2,0.03,-0.2,-0.2,0.0
Leon Goretzka,MF,Germany,27,1995,1.8,0,4,1,25.0,2.26,0.57,0.0,16.7,0.0,0,0,0.5,0.5,0.11,-0.5,-0.5,0.0
Leroy Sané,FW,Germany,26,1996,1.2,0,3,0,0.0,2.43,0.0,0.0,25.4,0.0,0,0,0.1,0.1,0.04,-0.1,-0.1,
Liam Millar,DF,Canada,23,1999,0.1,0,0,0,,0.0,0.0,,,0.0,0,0,0.0,0.0,,0.0,0.0,
Lionel Messi,FW,Argentina,35,1987,7.7,7,27,13,48.1,3.52,1.7,0.11,21.0,3.0,4,5,6.6,2.6,0.1,0.4,0.4,0.23
Lisandro Martínez,DF,Argentina,24,1998,3.4,0,1,0,0.0,0.3,0.0,0.0,10.1,0.0,0,0,0.1,0.1,0.12,-0.1,-0.1,
Lovro Majer,MF,Croatia,24,1998,1.4,1,4,2,50.0,2.77,1.38,0.25,23.2,0.0,0,0,0.7,0.7,0.18,0.3,0.3,0.5
Loïs Openda,FW,Belgium,22,2000,0.1,0,0,0,,0.0,0.0,,,0.0,0,0,0.0,0.0,,0.0,0.0,
Lucas Cavallini,FW,Canada,29,1992,0.2,0,0,0,,0.0,0.0,,,0.0,0,0,0.0,0.0,,0.0,0.0,
Lucas Hernández,DF,France,26,1996,0.1,0,0,0,,0.0,0.0,,,0.0,0,0,0.0,0.0,,0.0,0.0,
Lucas Paquetá,MF,Brazil,25,1997,3.5,1,4,4,100.0,1.15,1.15,0.25,11.7,0.0,0,0,0.8,0.8,0.21,0.2,0.2,0.25
Luis Chávez,MF,Mexico,26,1996,3.0,1,10,4,40.0,3.33,1.33,0.1,31.4,4.0,0,0,0.3,0.3,0.03,0.7,0.7,0.25
Luis Suárez,FW,Uruguay,35,1987,1.6,0,2,1,50.0,1.23,0.62,0.0,7.5,0.0,0,0,0.4,0.4,0.21,-0.4,-0.4,0.0
Luka Jovič,FW,Serbia,24,1997,0.4,0,2,0,0.0,5.0,0.0,0.0,17.6,0.0,0,0,0.1,0.1,0.03,-0.1,-0.1,
Luka Modrič,MF,Croatia,37,1985,7.3,0,6,4,66.7,0.83,0.55,0.0,21.1,0.0,0,0,0.4,0.4,0.06,-0.4,-0.4,0.0
Lukas Klostermann,DF,Germany,26,1996,0.7,0,0,0,,0.0,0.0,,,0.0,0,0,0.0,0.0,,0.0,0.0,
Luke Shaw,DF,England,27,1995,4.7,0,3,1,33.3,0.64,0.21,0.0,23.1,1.0,0,0,0.1,0.1,0.03,-0.1,-0.1,0.0
Luuk de Jong,FW,Netherlands,32,1990,0.6,0,1,0,0.0,1.58,0.0,0.0,13.0,0.0,0,0,0.1,0.1,0.08,-0.1,-0.1,
Majid Hosseini,DF,IR Iran,26,1996,3.0,0,0,0,,0.0,0.0,,,0.0,0,0,0.0,0.0,,0.0,0.0,
Manuel Akanji,DF,Switzerland,27,1995,4.0,1,4,1,25.0,1.0,0.25,0.25,12.3,1.0,0,0,1.1,1.1,0.28,-0.1,-0.1,1.0
Manuel Neuer,GK,Germany,36,1986,3.0,0,0,0,,0.0,0.0,,,0.0,0,0,0.0,0.0,,0.0,0.0,
Marcelo Brozovič,MF,Croatia,30,1992,6.1,0,4,2,50.0,0.65,0.33,0.0,17.4,0.0,0,0,0.5,0.5,0.13,-0.5,-0.5,0.0
Marco Asensio,FW,Spain,26,1996,2.5,1,10,2,20.0,3.93,0.79,0.1,20.1,0.0,0,0,1.2,1.2,0.12,-0.2,-0.2,0.5
Marcos Acuña,DF,Argentina,31,1991,4.1,0,2,0,0.0,0.48,0.0,0.0,17.9,0.0,0,0,0.1,0.1,0.04,-0.1,-0.1,
Marcos Llorente,DF,Spain,27,1995,1.3,0,1,0,0.0,0.75,0.0,0.0,22.4,0.0,0,0,0.0,0.0,0.02,0.0,0.0,
Marcus Rashford,FW,England,25,1997,1.6,3,11,6,54.5,7.07,3.86,0.27,16.6,2.0,0,0,1.6,1.6,0.15,1.4,1.4,0.5
Marcus Thuram,FW,France,25,1997,1.7,0,1,0,0.0,0.6,0.0,0.0,5.4,0.0,0,0,0.2,0.2,0.22,-0.2,-0.2,
Mario Götze,MF,Germany,30,1992,0.4,0,1,1,100.0,2.5,2.5,0.0,14.3,0.0,0,0,0.1,0.1,0.09,-0.1,-0.1,0.0
Mario Pašalič,FW,Croatia,27,1995,3.0,0,3,0,0.0,1.0,0.0,0.0,7.8,0.0,0,0,0.3,0.3,0.09,-0.3,-0.3,
Mark-Anthony Kaye,MF,Canada,28,1994,0.7,0,1,0,0.0,1.53,0.0,0.0,25.5,0.0,0,0,0.0,0.0,0.04,0.0,0.0,
Marko Grujič,MF,Serbia,26,1996,0.1,0,1,1,100.0,6.92,6.92,0.0,29.6,0.0,0,0,0.0,0.0,0.04,0.0,0.0,0.0
Marko Livaja,FW,Croatia,29,1993,2.7,1,6,4,66.7,2.24,1.49,0.17,15.1,0.0,0,0,0.8,0.8,0.13,0.2,0.2,0.25
Marquinhos,DF,Brazil,28,1994,4.7,0,2,0,0.0,0.42,0.0,0.0,10.4,0.0,0,0,0.2,0.2,0.08,-0.2,-0.2,
Marten de Roon,MF,Netherlands,31,1991,2.0,0,0,0,,0.0,0.0,,,0.0,0,0,0.0,0.0,,0.0,0.0,
Martin Braithwaite,FW,Denmark,31,1991,1.1,0,1,0,0.0,0.87,0.0,0.0,11.5,0.0,0,0,0.1,0.1,0.07,-0.1,-0.1,
Martin Hongla,MF,Cameroon,24,1998,1.3,0,1,1,100.0,0.74,0.74,0.0,13.0,0.0,0,0,0.1,0.1,0.05,-0.1,-0.1,0.0
Martinelli,FW,Brazil,21,2001,1.3,0,4,3,75.0,3.19,2.39,0.0,13.2,0.0,0,0,0.5,0.5,0.13,-0.5,-0.5,0.0
Martín Cáceres,DF,Uruguay,35,1987,1.0,0,0,0,,0.0,0.0,,,0.0,0,0,0.0,0.0,,0.0,0.0,
Mason Mount,MF,England,23,1999,2.1,0,4,1,25.0,1.94,0.48,0.0,23.0,0.0,0,0,0.2,0.2,0.05,-0.2,-0.2,0.0
Mateo Kovačič,MF,Croatia,28,1994,7.1,0,3,1,33.3,0.43,0.14,0.0,17.0,0.0,0,0,0.3,0.3,0.11,-0.3,-0.3,0.0
Matheus Nunes,MF,Portugal,24,1998,0.8,0,1,0,0.0,1.23,0.0,0.0,30.8,0.0,0,0,0.0,0.0,0.02,0.0,0.0,
Mathew Leckie,MF,Australia,31,1991,3.7,1,1,1,100.0,0.27,0.27,1.0,13.6,0.0,0,0,0.1,0.1,0.15,0.9,0.9,1.0
Mathew Ryan,GK,Australia,30,1992,4.0,0,0,0,,0.0,0.0,,,0.0,0,0,0.0,0.0,,0.0,0.0,
Mathias Jensen,MF,Denmark,26,1996,0.9,0,2,1,50.0,2.14,1.07,0.0,17.9,0.0,0,0,0.1,0.1,0.05,-0.1,-0.1,0.0
Mathías Olivera,DF,Uruguay,25,1997,2.8,0,2,0,0.0,0.71,0.0,0.0,16.9,0.0,0,0,0.1,0.1,0.05,-0.1,-0.1,
Matt Turner,GK,United States,28,1994,4.0,0,0,0,,0.0,0.0,,,0.0,0,0,0.0,0.0,,0.0,0.0,
Matthias Ginter,DF,Germany,28,1994,0.0,0,0,0,,0.0,0.0,,,0.0,0,0,0.0,0.0,,0.0,0.0,
Matthijs de Ligt,DF,Netherlands,23,1999,1.0,0,0,0,,0.0,0.0,,,0.0,0,0,0.0,0.0,,0.0,0.0,
Matty Cash,DF,Poland,25,1997,4.0,0,1,0,0.0,0.25,0.0,0.0,24.2,0.0,0,0,0.0,0.0,0.04,0.0,0.0,
Mattéo Guendouzi,FW,France,23,1999,0.9,0,0,0,,0.0,0.0,,,0.0,0,0,0.0,0.0,,0.0,0.0,
Matías Vecino,MF,Uruguay,31,1991,2.2,0,1,1,100.0,0.46,0.46,0.0,10.1,0.0,0,0,0.1,0.1,0.1,-0.1,-0.1,0.0
Matías Viña,DF,Uruguay,25,1997,0.2,0,0,0,,0.0,0.0,,,0.0,0,0,0.0,0.0,,0.0,0.0,
Maxi Gómez,FW,Uruguay,26,1996,0.3,0,2,1,50.0,6.0,3.0,0.0,26.1,0.0,0,0,0.1,0.1,0.04,-0.1,-0.1,0.0
Maya Yoshida,DF,Japan,34,1988,4.3,0,0,0,,0.0,0.0,,,0.0,0,0,0.0,0.0,,0.0,0.0,
Mehdi Taremi,FW,IR Iran,30,1992,3.0,2,5,1,20.0,1.67,0.33,0.2,16.0,0.0,1,1,1.3,0.6,0.11,0.7,0.4,1.0
Mehdi Torabi,MF,IR Iran,28,1994,0.7,0,2,0,0.0,2.9,0.0,0.0,19.6,0.0,0,0,0.1,0.1,0.06,-0.1,-0.1,
Memphis,FW,Netherlands,28,1994,3.3,1,10,5,50.0,3.03,1.52,0.1,15.0,0.0,0,0,1.5,1.5,0.15,-0.5,-0.5,0.2
Meshaal Barsham,GK,Qatar,24,1998,2.0,0,0,0,,0.0,0.0,,,0.0,0,0,0.0,0.0,,0.0,0.0,
Michael Estrada,FW,Ecuador,26,1996,2.5,0,3,0,0.0,1.2,0.0,0.0,13.0,0.0,0,0,0.3,0.3,0.1,-0.3,-0.3,
Michał Skóraś,MF,Poland,22,2000,0.5,0,1,0,0.0,2.0,0.0,0.0,22.2,0.0,0,0,0.0,0.0,0.02,0.0,0.0,
Michel Aebischer,MF,Switzerland,25,1997,0.2,0,0,0,,0.0,0.0,,,0.0,0,0,0.0,0.0,,0.0,0.0,
Michy Batshuayi,FW,Belgium,29,1993,1.7,1,6,2,33.3,3.58,1.19,0.17,15.4,0.0,0,0,0.8,0.8,0.13,0.2,0.2,0.5
Miki Yamane,DF,Japan,28,1993,0.7,0,0,0,,0.0,0.0,,,0.0,0,0,0.0,0.0,,0.0,0.0,
Mikkel Damsgaard,MF,Denmark,22,2000,1.7,0,0,0,,0.0,0.0,,,0.0,0,0,0.0,0.0,,0.0,0.0,
Milad Mohammadi,DF,IR Iran,29,1993,2.2,0,0,0,,0.0,0.0,,,0.0,0,0,0.0,0.0,,0.0,0.0,
Milan Borjan,GK,Canada,35,1987,3.0,0,0,0,,0.0,0.0,,,0.0,0,0,0.0,0.0,,0.0,0.0,
Miloš Degenek,DF,Australia,28,1994,2.0,0,0,0,,0.0,0.0,,,0.0,0,0,0.0,0.0,,0.0,0.0,
Miloš Veljkovič,DF,Serbia,27,1995,2.5,0,0,0,,0.0,0.0,,,0.0,0,0,0.0,0.0,,0.0,0.0,
Mislav Oršič,FW,Croatia,29,1992,1.8,1,9,2,22.2,5.0,1.11,0.11,22.5,0.0,0,0,0.4,0.4,0.04,0.6,0.6,0.5
Mitchell Duke,FW,Australia,31,1991,3.0,1,7,4,57.1,2.33,1.33,0.14,17.6,0.0,0,0,0.4,0.4,0.05,0.6,0.6,0.25
Mohamed Ali Ben Romdhane,MF,Tunisia,23,1999,0.8,0,0,0,,0.0,0.0,,,0.0,0,0,0.0,0.0,,0.0,0.0,
Mohamed Dräger,DF,Tunisia,26,1996,1.5,0,4,0,0.0,2.73,0.0,0.0,25.8,0.0,0,0,0.2,0.2,0.05,-0.2,-0.2,
Mohamed Kanno,MF,Saudi Arabia,28,1994,3.0,0,6,1,16.7,2.0,0.33,0.0,20.3,1.0,0,0,0.3,0.3,0.05,-0.3,-0.3,0.0
Mohammed Al-Breik,DF,Saudi Arabia,30,1992,0.7,0,2,1,50.0,2.77,1.38,0.0,20.4,0.0,0,0,0.4,0.0,0.01,-0.4,0.0,0.0
Mohammed Al-Owais,GK,Saudi Arabia,31,1991,3.0,0,0,0,,0.0,0.0,,,0.0,0,0,0.0,0.0,,0.0,0.0,
Mohammed Muntari,FW,Qatar,28,1993,0.7,1,3,1,33.3,4.29,1.43,0.33,13.7,0.0,0,0,0.2,0.2,0.07,0.8,0.8,1.0
Mohammed Salisu,DF,Ghana,23,1999,3.0,1,2,1,50.0,0.67,0.33,0.5,9.3,0.0,0,0,0.8,0.8,0.38,0.2,0.2,1.0
Mohammed Waad,MF,Qatar,23,1999,0.3,0,0,0,,0.0,0.0,,,0.0,0,0,0.0,0.0,,0.0,0.0,
Moisés Caicedo,MF,Ecuador,21,2001,3.0,1,3,1,33.3,1.0,0.33,0.33,16.0,0.0,0,0,0.5,0.5,0.17,0.5,0.5,1.0
Montassar Talbi,DF,Tunisia,24,1998,3.0,0,1,1,100.0,0.33,0.33,0.0,33.7,0.0,0,0,0.0,0.0,0.01,0.0,0.0,0.0
Morteza Pouraliganji,DF,IR Iran,30,1992,3.0,0,2,0,0.0,0.67,0.0,0.0,16.8,0.0,0,0,0.1,0.1,0.04,-0.1,-0.1,
Moumi Ngamaleu,FW,Cameroon,28,1994,1.1,0,0,0,,0.0,0.0,,,0.0,0,0,0.0,0.0,,0.0,0.0,
Munir,GK,Morocco,33,1989,1.0,0,0,0,,0.0,0.0,,,0.0,0,0,0.0,0.0,,0.0,0.0,
Musab Kheder,DF,Qatar,29,1993,0.1,0,0,0,,0.0,0.0,,,0.0,0,0,0.0,0.0,,0.0,0.0,
Na Sang-ho,FW,Korea Republic,26,1996,1.3,0,1,1,100.0,0.76,0.76,0.0,10.6,0.0,0,0,0.0,0.0,0.03,0.0,0.0,0.0
Nader Ghandri,DF,Tunisia,27,1995,1.0,0,0,0,,0.0,0.0,,,0.0,0,0,0.0,0.0,,0.0,0.0,
Nahuel Molina,DF,Argentina,24,1998,6.3,1,2,1,50.0,0.32,0.16,0.5,16.2,0.0,0,0,0.5,0.5,0.23,0.5,0.5,1.0
Nampalys Mendy,MF,Senegal,30,1992,3.0,0,2,0,0.0,0.66,0.0,0.0,22.6,0.0,0,0,0.1,0.1,0.03,-0.1,-0.1,
Nasser Al-Dawsari,FW,Saudi Arabia,23,1998,0.1,0,0,0,,0.0,0.0,,,0.0,0,0,0.0,0.0,,0.0,0.0,
Nathan Aké,DF,Netherlands,27,1995,5.3,0,0,0,,0.0,0.0,,,0.0,0,0,0.0,0.0,,0.0,0.0,
Nathaniel Atkinson,DF,Australia,23,1999,0.9,0,0,0,,0.0,0.0,,,0.0,0,0,0.0,0.0,,0.0,0.0,
Nawaf Al Abed,MF,Saudi Arabia,32,1990,1.0,0,2,0,0.0,2.05,0.0,0.0,21.1,1.0,0,0,0.1,0.1,0.07,-0.1,-0.1,
Nayef Aguerd,DF,Morocco,26,1996,3.9,0,1,0,0.0,0.25,0.0,0.0,8.0,0.0,0,0,0.2,0.2,0.17,-0.2,-0.2,
Naïm Sliti,MF,Tunisia,30,1992,1.3,0,1,0,0.0,0.79,0.0,0.0,10.3,0.0,0,0,0.1,0.1,0.14,-0.1,-0.1,
Neco Williams,DF,Wales,21,2001,2.3,0,3,0,0.0,1.32,0.0,0.0,26.5,0.0,0,0,0.1,0.1,0.03,-0.1,-0.1,
Nemanja Gudelj,MF,Serbia,31,1991,1.0,0,0,0,,0.0,0.0,,,0.0,0,0,0.0,0.0,,0.0,0.0,
Nemanja Maksimovič,MF,Serbia,27,1995,1.4,0,0,0,,0.0,0.0,,,0.0,0,0,0.0,0.0,,0.0,0.0,
Nemanja Radonjič,DF,Serbia,26,1996,0.7,0,2,0,0.0,3.0,0.0,0.0,22.3,0.0,0,0,0.1,0.1,0.05,-0.1,-0.1,
Neymar,MF,Brazil,30,1992,3.1,2,11,6,54.5,3.55,1.94,0.09,19.2,3.0,1,1,2.7,1.9,0.18,-0.7,-0.9,0.17
Niclas Füllkrug,FW,Germany,29,1993,0.8,2,8,3,37.5,10.43,3.91,0.25,10.0,0.0,0,0,2.2,2.2,0.27,-0.2,-0.2,0.67
Nico Elvedi,DF,Switzerland,26,1996,2.0,0,1,0,0.0,0.5,0.0,0.0,9.3,0.0,0,0,0.1,0.1,0.08,-0.1,-0.1,
Nico Schlotterbeck,DF,Germany,23,1999,1.0,0,0,0,,0.0,0.0,,,0.0,0,0,0.0,0.0,,0.0,0.0,
Nico Williams,FW,Spain,20,2002,1.6,0,1,0,0.0,0.62,0.0,0.0,14.3,0.0,0,0,0.1,0.1,0.11,-0.1,-0.1,
Nicola Zalewski,MF,Poland,20,2002,0.7,0,0,0,,0.0,0.0,,,0.0,0,0,0.0,0.0,,0.0,0.0,
Nicolas Jackson,FW,Senegal,21,2001,0.2,0,0,0,,0.0,0.0,,,0.0,0,0,0.0,0.0,,0.0,0.0,
Nicolas Nkoulou,DF,Cameroon,32,1990,2.0,0,3,1,33.3,1.5,0.5,0.0,12.2,0.0,0,0,0.3,0.3,0.09,-0.3,-0.3,0.0
Nicolás De La Cruz,MF,Uruguay,25,1997,0.4,0,1,1,100.0,2.37,2.37,0.0,32.4,1.0,0,0,0.0,0.0,0.04,0.0,0.0,0.0
Nicolás Otamendi,DF,Argentina,34,1988,7.7,0,1,0,0.0,0.13,0.0,0.0,12.3,0.0,0,0,0.0,0.0,0.03,0.0,0.0,
Nicolás Tagliafico,DF,Argentina,30,1992,4.1,0,3,1,33.3,0.72,0.24,0.0,11.3,0.0,0,0,1.0,1.0,0.34,-1.0,-1.0,0.0
Niklas Süle,DF,Germany,27,1995,3.0,0,1,0,0.0,0.33,0.0,0.0,5.4,0.0,0,0,0.1,0.1,0.11,-0.1,-0.1,
Nikola Milenkovič,DF,Serbia,25,1997,3.0,0,3,0,0.0,1.0,0.0,0.0,14.7,0.0,0,0,0.2,0.2,0.06,-0.2,-0.2,
Nikola Vlašič,FW,Croatia,25,1997,2.3,0,5,1,20.0,2.15,0.43,0.0,17.2,0.0,0,0,0.4,0.4,0.09,-0.4,-0.4,0.0
Noa Lang,MF,Netherlands,23,1999,0.1,0,0,0,,0.0,0.0,,,0.0,0,0,0.0,0.0,,0.0,0.0,
Noah Okafor,FW,Switzerland,22,2000,0.5,0,1,0,0.0,2.0,0.0,0.0,17.5,0.0,0,0,0.0,0.0,0.03,0.0,0.0,
Nouhou Tolo,DF,Cameroon,25,1997,3.0,0,0,0,,0.0,0.0,,,0.0,0,0,0.0,0.0,,0.0,0.0,
Noussair Mazraoui,DF,Morocco,25,1997,4.1,0,4,2,50.0,0.99,0.49,0.0,24.4,0.0,0,0,0.2,0.2,0.04,-0.2,-0.2,0.0
Nuno Mendes,DF,Portugal,20,2002,0.5,0,0,0,,0.0,0.0,,,0.0,0,0,0.0,0.0,,0.0,0.0,
Néstor Araujo,DF,Mexico,31,1991,1.0,0,0,0,,0.0,0.0,,,0.0,0,0,0.0,0.0,,0.0,0.0,
Olivier Giroud,FW,France,36,1986,4.7,4,16,6,37.5,3.44,1.29,0.25,11.0,0.0,0,0,3.4,3.4,0.21,0.6,0.6,0.67
Olivier Ntcham,MF,Cameroon,26,1996,0.3,0,1,1,100.0,3.6,3.6,0.0,30.0,0.0,0,0,0.0,0.0,0.04,0.0,0.0,0.0
Orbelín Pineda,MF,Mexico,26,1996,0.8,0,4,1,25.0,4.74,1.18,0.0,15.1,0.0,0,0,0.3,0.3,0.08,-0.3,-0.3,0.0
Osman Bukari,MF,Ghana,24,1998,0.7,1,3,1,33.3,4.58,1.53,0.33,17.6,0.0,0,0,0.5,0.5,0.17,0.5,0.5,1.0
Otávio,MF,Portugal,27,1995,2.2,0,3,2,66.7,1.38,0.92,0.0,23.2,0.0,0,0,0.1,0.1,0.04,-0.1,-0.1,0.0
Ousmane Dembélé,FW,France,25,1997,4.8,0,8,2,25.0,1.66,0.42,0.0,20.2,0.0,0,0,0.5,0.5,0.06,-0.5,-0.5,0.0
Pablo Sarabia,FW,Spain,30,1992,0.0,0,1,0,0.0,30.0,0.0,0.0,4.7,0.0,0,0,0.1,0.1,0.11,-0.1,-0.1,
Paik Seung-ho,MF,Korea Republic,25,1997,0.3,1,1,1,100.0,3.46,3.46,1.0,30.4,0.0,0,0,0.0,0.0,0.04,1.0,1.0,1.0
Pape Abou Cissé,DF,Senegal,27,1995,1.2,0,0,0,,0.0,0.0,,,0.0,0,0,0.0,0.0,,0.0,0.0,
Pape Gueye,MF,Senegal,23,1999,1.7,0,4,2,50.0,2.35,1.18,0.0,24.8,0.0,0,0,0.1,0.1,0.03,-0.1,-0.1,0.0
Pape Matar Sarr,MF,Senegal,20,2002,0.7,0,4,0,0.0,6.1,0.0,0.0,30.8,1.0,0,0,0.1,0.1,0.03,-0.1,-0.1,
Papu Gómez,MF,Argentina,34,1988,1.2,0,2,0,0.0,1.68,0.0,0.0,26.3,0.0,0,0,0.0,0.0,0.02,0.0,0.0,
Pathé Ciss,MF,Senegal,28,1994,1.6,0,1,0,0.0,0.62,0.0,0.0,12.8,0.0,0,0,0.0,0.0,0.04,0.0,0.0,
Pau Torres,DF,Spain,25,1997,1.0,0,0,0,,0.0,0.0,,,0.0,0,0,0.0,0.0,,0.0,0.0,
Paulo Dybala,FW,Argentina,29,1993,0.2,0,0,0,,0.0,0.0,,,0.0,0,0,0.0,0.0,,0.0,0.0,
Pedri,MF,Spain,20,2002,4.0,0,0,0,,0.0,0.0,,,0.0,0,0,0.0,0.0,,0.0,0.0,
Pedro,FW,Brazil,25,1997,0.7,0,4,1,25.0,5.63,1.41,0.0,12.9,0.0,0,0,0.5,0.5,0.13,-0.5,-0.5,0.0
Pepe,DF,Portugal,39,1983,4.0,1,3,1,33.3,0.75,0.25,0.33,7.3,0.0,0,0,0.4,0.4,0.15,0.6,0.6,1.0
Pervis Estupiñán,DF,Ecuador,24,1998,3.0,0,1,1,100.0,0.33,0.33,0.0,14.4,0.0,0,0,0.1,0.1,0.07,-0.1,-0.1,0.0
Phil Foden,FW,England,22,2000,2.9,1,6,1,16.7,2.09,0.35,0.17,13.8,0.0,0,0,1.1,1.1,0.18,-0.1,-0.1,1.0
Piero Hincapié,DF,Ecuador,20,2002,3.0,0,0,0,,0.0,0.0,,,0.0,0,0,0.0,0.0,,0.0,0.0,
Pierre Højbjerg,MF,Denmark,27,1995,3.0,0,2,1,50.0,0.67,0.33,0.0,30.7,0.0,0,0,0.0,0.0,0.01,0.0,0.0,0.0
Pierre Kunde,MF,Cameroon,27,1995,1.5,0,5,2,40.0,3.44,1.37,0.0,22.1,0.0,0,0,0.2,0.2,0.05,-0.2,-0.2,0.0
Piotr Zieliński,MF,Poland,28,1994,3.6,1,3,2,66.7,0.82,0.55,0.33,11.3,0.0,0,0,0.6,0.6,0.2,0.4,0.4,0.5
Przemysław Frankowski,MF,Poland,27,1995,2.7,0,1,0,0.0,0.37,0.0,0.0,15.6,0.0,0,0,0.0,0.0,0.03,0.0,0.0,
Rafael Leão,FW,Portugal,23,1999,1.0,2,5,2,40.0,5.11,2.05,0.4,21.2,0.0,0,0,0.4,0.4,0.08,1.6,1.6,1.0
Raheem Sterling,FW,England,28,1994,1.7,1,1,1,100.0,0.6,0.6,1.0,9.3,0.0,0,0,0.4,0.4,0.37,0.6,0.6,1.0
Ramin Rezaeian,DF,IR Iran,32,1990,2.0,1,2,1,50.0,1.0,0.5,0.5,18.3,0.0,0,0,0.3,0.3,0.13,0.7,0.7,1.0
Randal Kolo Muani,FW,France,24,1998,2.0,1,4,2,50.0,1.98,0.99,0.25,13.4,0.0,0,0,1.1,1.1,0.27,-0.1,-0.1,0.5
Raphaël Guerreiro,DF,Portugal,28,1993,3.1,1,3,1,33.3,0.97,0.32,0.33,17.7,0.0,0,0,0.4,0.4,0.12,0.6,0.6,1.0
Raphaël Varane,DF,France,29,1993,5.8,0,3,0,0.0,0.52,0.0,0.0,7.2,0.0,0,0,0.3,0.3,0.12,-0.3,-0.3,
Raphinha,FW,Brazil,26,1996,3.5,0,8,6,75.0,2.29,1.71,0.0,19.1,1.0,0,0,1.2,1.2,0.15,-1.2,-1.2,0.0
Rasmus Nissen,DF,Denmark,25,1997,2.5,0,0,0,,0.0,0.0,,,0.0,0,0,0.0,0.0,,0.0,0.0,
Raúl Jiménez,FW,Mexico,31,1991,0.7,0,0,0,,0.0,0.0,,,0.0,0,0,0.0,0.0,,0.0,0.0,
Remo Freuler,MF,Switzerland,30,1992,3.6,1,3,1,33.3,0.84,0.28,0.33,10.3,0.0,0,0,0.5,0.5,0.17,0.5,0.5,1.0
Renato Steffen,FW,Switzerland,31,1991,0.4,0,0,0,,0.0,0.0,,,0.0,0,0,0.0,0.0,,0.0,0.0,
Ricardo Horta,FW,Portugal,28,1994,1.3,1,3,2,66.7,2.27,1.51,0.33,13.5,0.0,0,0,0.8,0.8,0.25,0.2,0.2,0.5
Ricardo Rodríguez,DF,Switzerland,30,1992,4.0,0,0,0,,0.0,0.0,,,0.0,0,0,0.0,0.0,,0.0,0.0,
Richarlison,FW,Brazil,25,1997,3.6,3,8,4,50.0,2.23,1.11,0.38,12.1,0.0,0,0,2.1,2.1,0.26,0.9,0.9,0.75
Richie Laryea,DF,Canada,27,1995,1.8,0,2,0,0.0,1.13,0.0,0.0,17.8,0.0,0,0,0.1,0.1,0.03,-0.1,-0.1,
Riley McGree,FW,Australia,24,1998,2.9,0,3,1,33.3,1.02,0.34,0.0,26.2,0.0,0,0,0.1,0.1,0.05,-0.1,-0.1,0.0
Ritsu Doan,FW,Japan,24,1998,2.4,2,4,3,75.0,1.66,1.24,0.5,20.1,0.0,0,0,0.5,0.5,0.13,1.5,1.5,0.67
Riyadh Sharahili,MF,Saudi Arabia,29,1993,0.6,0,0,0,,0.0,0.0,,,0.0,0,0,0.0,0.0,,0.0,0.0,
Roan Wilson,MF,Costa Rica,20,2002,0.0,0,0,0,,0.0,0.0,,,0.0,0,0,0.0,0.0,,0.0,0.0,
Robert Lewandowski,FW,Poland,34,1988,4.0,2,10,2,20.0,2.5,0.5,0.1,18.1,1.0,1,2,2.9,1.4,0.14,-0.9,-0.4,0.5
Robert Skov,DF,Denmark,26,1996,0.2,0,0,0,,0.0,0.0,,,0.0,0,0,0.0,0.0,,0.0,0.0,
Roberto Alvarado,FW,Mexico,24,1998,0.2,0,0,0,,0.0,0.0,,,0.0,0,0,0.0,0.0,,0.0,0.0,
Rodri,DF,Spain,26,1996,4.3,0,1,0,0.0,0.23,0.0,0.0,36.2,0.0,0,0,0.0,0.0,0.02,0.0,0.0,
Rodrigo Bentancur,MF,Uruguay,25,1997,2.4,0,3,1,33.3,1.27,0.42,0.0,15.8,0.0,0,0,0.6,0.6,0.21,-0.6,-0.6,0.0
Rodrigo De Paul,MF,Argentina,28,1994,6.7,0,7,3,42.9,1.05,0.45,0.0,20.5,0.0,0,0,0.9,0.9,0.13,-0.9,-0.9,0.0
Rodrygo,MF,Brazil,21,2001,2.0,0,6,2,33.3,2.98,0.99,0.0,18.7,1.0,0,0,0.4,0.4,0.07,-0.4,-0.4,0.0
Rogelio Funes Mori,FW,Mexico,31,1991,0.1,0,1,0,0.0,18.0,0.0,0.0,22.6,0.0,0,0,0.1,0.1,0.07,-0.1,-0.1,
Romain Saïss,DF,Morocco,32,1990,5.2,1,1,1,100.0,0.19,0.19,1.0,0.9,0.0,0,0,0.8,0.8,0.79,0.2,0.2,1.0
Romario Ibarra,MF,Ecuador,28,1994,0.8,0,2,1,50.0,2.65,1.32,0.0,23.2,0.0,0,0,0.1,0.1,0.07,-0.1,-0.1,0.0
Romelu Lukaku,FW,Belgium,29,1993,0.6,0,5,2,40.0,8.18,3.27,0.0,6.6,0.0,0,0,1.7,1.7,0.35,-1.7,-1.7,0.0
Roozbeh Cheshmi,DF,IR Iran,29,1993,0.6,1,1,1,100.0,1.55,1.55,1.0,28.1,0.0,0,0,0.1,0.1,0.05,0.9,0.9,1.0
Ruben Vargas,FW,Switzerland,24,1998,3.2,0,3,1,33.3,0.95,0.32,0.0,17.0,0.0,0,0,0.3,0.3,0.11,-0.3,-0.3,0.0
Rubin Colwill,MF,Wales,20,2002,0.1,0,1,0,0.0,9.0,0.0,0.0,25.1,0.0,0,0,0.0,0.0,0.02,0.0,0.0,
Ró-Ró,DF,Qatar,32,1990,2.9,0,2,0,0.0,0.69,0.0,0.0,23.0,0.0,0,0,0.1,0.1,0.03,-0.1,-0.1,
Rónald Matarrita,DF,Costa Rica,28,1994,0.3,0,0,0,,0.0,0.0,,,0.0,0,0,0.0,0.0,,0.0,0.0,
Rúben Dias,DF,Portugal,25,1997,4.0,0,1,0,0.0,0.25,0.0,0.0,12.0,0.0,0,0,0.0,0.0,0.03,0.0,0.0,
Rúben Neves,MF,Portugal,25,1997,3.0,0,2,0,0.0,0.67,0.0,0.0,27.0,0.0,0,0,0.1,0.1,0.04,-0.1,-0.1,
Saad Al Sheeb,GK,Qatar,32,1990,1.0,0,0,0,,0.0,0.0,,,0.0,0,0,0.0,0.0,,0.0,0.0,
Sadegh Moharrami,DF,IR Iran,26,1996,1.0,0,0,0,,0.0,0.0,,,0.0,0,0,0.0,0.0,,0.0,0.0,
Saeid Ezatolahi,MF,IR Iran,26,1996,2.4,0,3,1,33.3,1.24,0.41,0.0,29.4,0.0,0,0,0.1,0.1,0.03,-0.1,-0.1,0.0
Saleh Al-Shehri,FW,Saudi Arabia,29,1993,2.5,1,2,2,100.0,0.81,0.81,0.5,21.0,0.0,0,0,0.1,0.1,0.04,0.9,0.9,0.5
Salem Al-Dawsari,MF,Saudi Arabia,31,1991,3.0,2,6,4,66.7,2.0,1.33,0.33,21.6,0.0,0,1,1.8,1.0,0.16,0.2,1.0,0.5
Salis Abdul Samed,MF,Ghana,22,2000,2.8,0,1,0,0.0,0.36,0.0,0.0,26.9,0.0,0,0,0.0,0.0,0.02,0.0,0.0,
Salman Al-Faraj,MF,Saudi Arabia,33,1989,0.5,0,0,0,,0.0,0.0,,,0.0,0,0,0.0,0.0,,0.0,0.0,
Sam Adekugbe,DF,Canada,27,1995,1.1,0,0,0,,0.0,0.0,,,0.0,0,0,0.0,0.0,,0.0,0.0,
Saman Ghoddos,MF,IR Iran,29,1993,0.5,0,1,0,0.0,2.0,0.0,0.0,6.4,0.0,0,0,0.2,0.2,0.18,-0.2,-0.2,
Sami Al-Najei,MF,Saudi Arabia,25,1997,0.5,0,0,0,,0.0,0.0,,,0.0,0,0,0.0,0.0,,0.0,0.0,
Samuel Oum Gouet,MF,Cameroon,25,1997,1.1,0,0,0,,0.0,0.0,,,0.0,0,0,0.0,0.0,,0.0,0.0,
Sardar Azmoun,FW,IR Iran,27,1995,1.4,0,5,3,60.0,3.57,2.14,0.0,13.9,0.0,0,0,0.9,0.9,0.19,-0.9,-0.9,0.0
Saud Abdulhamid,DF,Saudi Arabia,23,1999,3.0,0,1,0,0.0,0.33,0.0,0.0,34.6,0.0,0,0,0.0,0.0,0.02,0.0,0.0,
Saša Lukič,MF,Serbia,26,1996,2.7,0,1,0,0.0,0.37,0.0,0.0,16.1,0.0,0,0,0.1,0.1,0.06,-0.1,-0.1,
Sebastian Szymański,MF,Poland,23,1999,1.5,0,0,0,,0.0,0.0,,,0.0,0,0,0.0,0.0,,0.0,0.0,
Sebastián Coates,DF,Uruguay,32,1990,2.0,0,1,0,0.0,0.5,0.0,0.0,11.5,0.0,0,0,0.1,0.1,0.1,-0.1,-0.1,
Selim Amallah,MF,Morocco,26,1996,4.5,0,2,0,0.0,0.44,0.0,0.0,13.3,0.0,0,0,0.2,0.2,0.11,-0.2,-0.2,
Serge Gnabry,FW,Germany,27,1995,2.9,1,12,4,33.3,4.11,1.37,0.08,15.6,0.0,0,0,1.1,1.1,0.09,-0.1,-0.1,0.25
Sergej Milinkovič-Savič,MF,Serbia,27,1995,2.6,1,3,1,33.3,1.16,0.39,0.33,23.9,0.0,0,0,0.2,0.2,0.06,0.8,0.8,1.0
Sergio Busquets,MF,Spain,34,1988,4.0,0,2,0,0.0,0.5,0.0,0.0,20.9,0.0,0,0,0.1,0.1,0.07,-0.1,-0.1,
Sergio Rochet,GK,Uruguay,29,1993,3.0,0,0,0,,0.0,0.0,,,0.0,0,0,0.0,0.0,,0.0,0.0,
Sergiño Dest,DF,United States,22,2000,3.4,0,6,0,0.0,1.77,0.0,0.0,19.8,0.0,0,0,0.2,0.2,0.04,-0.2,-0.2,
Shaquell Moore,DF,United States,26,1996,0.2,0,0,0,,0.0,0.0,,,0.0,0,0,0.0,0.0,,0.0,0.0,
Shogo Taniguchi,DF,Japan,31,1991,2.3,0,2,0,0.0,0.86,0.0,0.0,8.0,0.0,0,0,0.2,0.2,0.12,-0.2,-0.2,
Shūichi Gonda,GK,Japan,33,1989,4.3,0,0,0,,0.0,0.0,,,0.0,0,0,0.0,0.0,,0.0,0.0,
Silvan Widmer,DF,Switzerland,29,1993,2.9,0,1,0,0.0,0.34,0.0,0.0,9.7,0.0,0,0,0.0,0.0,0.02,0.0,0.0,
Simon Kjær,DF,Denmark,33,1989,0.7,0,0,0,,0.0,0.0,,,0.0,0,0,0.0,0.0,,0.0,0.0,
Sofiane Boufal,FW,Morocco,29,1993,5.3,0,7,1,14.3,1.33,0.19,0.0,21.0,0.0,0,0,0.3,0.3,0.04,-0.3,-0.3,0.0
Sofyan Amrabat,MF,Morocco,26,1996,7.3,0,1,0,0.0,0.14,0.0,0.0,28.8,0.0,0,0,0.0,0.0,0.03,0.0,0.0,
Son Heung-min,FW,Korea Republic,30,1992,4.0,0,9,3,33.3,2.25,0.75,0.0,18.8,0.0,0,0,0.4,0.4,0.05,-0.4,-0.4,0.0
Son Jun-ho,MF,Korea Republic,30,1992,0.8,0,0,0,,0.0,0.0,,,0.0,0,0,0.0,0.0,,0.0,0.0,
Sorba Thomas,MF,Wales,23,1999,0.0,0,0,0,,0.0,0.0,,,0.0,0,0,0.0,0.0,,0.0,0.0,
SrÄđan Babič,DF,Serbia,26,1996,0.1,0,0,0,,0.0,0.0,,,0.0,0,0,0.0,0.0,,0.0,0.0,
Stefan Mitrovič,DF,Serbia,32,1990,0.4,0,0,0,,0.0,0.0,,,0.0,0,0,0.0,0.0,,0.0,0.0,
Stephen Eustáquio,MF,Canada,25,1996,1.4,0,3,0,0.0,2.16,0.0,0.0,19.8,0.0,0,0,0.2,0.2,0.06,-0.2,-0.2,
Steve Mandanda,GK,France,37,1985,1.0,0,0,0,,0.0,0.0,,,0.0,0,0,0.0,0.0,,0.0,0.0,
Steven Berghuis,MF,Netherlands,30,1991,2.2,0,5,0,0.0,2.25,0.0,0.0,22.5,1.0,0,0,0.3,0.3,0.05,-0.3,-0.3,
Steven Bergwijn,FW,Netherlands,25,1997,2.4,0,2,0,0.0,0.85,0.0,0.0,15.5,0.0,0,0,0.5,0.5,0.25,-0.5,-0.5,
Steven Vitória,DF,Canada,35,1987,3.0,0,0,0,,0.0,0.0,,,0.0,0,0,0.0,0.0,,0.0,0.0,
Strahinja Pavlovič,DF,Serbia,21,2001,2.6,1,2,1,50.0,0.77,0.38,0.5,10.0,0.0,0,0,0.2,0.2,0.08,0.8,0.8,1.0
Sultan Al-Ghanam,DF,Saudi Arabia,28,1994,1.4,0,2,0,0.0,1.43,0.0,0.0,7.6,0.0,0,0,0.2,0.2,0.08,-0.2,-0.2,
Taha Yassine Khenissi,FW,Tunisia,30,1992,0.3,0,1,0,0.0,3.1,0.0,0.0,23.3,0.0,0,0,0.0,0.0,0.02,0.0,0.0,
Tajon Buchanan,MF,Canada,23,1999,2.9,0,5,0,0.0,1.73,0.0,0.0,15.0,0.0,0,0,0.9,0.9,0.19,-0.9,-0.9,
Takefusa Kubo,FW,Japan,21,2001,1.0,0,0,0,,0.0,0.0,,,0.0,0,0,0.0,0.0,,0.0,0.0,
Takehiro Tomiyasu,DF,Japan,24,1998,2.1,0,0,0,,0.0,0.0,,,0.0,0,0,0.0,0.0,,0.0,0.0,
Takuma Asano,FW,Japan,28,1994,1.8,1,8,2,25.0,4.36,1.09,0.13,13.2,0.0,0,0,0.7,0.7,0.08,0.3,0.3,0.5
Takumi Minamino,FW,Japan,27,1995,0.7,0,2,1,50.0,3.0,1.5,0.0,15.1,0.0,0,0,0.1,0.1,0.06,-0.1,-0.1,0.0
Tarek Salman,DF,Qatar,25,1997,0.1,0,0,0,,0.0,0.0,,,0.0,0,0,0.0,0.0,,0.0,0.0,
Tariq Lamptey,DF,Ghana,22,2000,1.1,0,1,0,0.0,0.88,0.0,0.0,15.8,0.0,0,0,0.1,0.1,0.06,-0.1,-0.1,
Teun Koopmeiners,MF,Netherlands,24,1998,2.4,0,2,1,50.0,0.82,0.41,0.0,27.6,0.0,0,0,0.1,0.1,0.04,-0.1,-0.1,0.0
Theo Hernández,DF,France,25,1997,5.6,1,5,2,40.0,0.89,0.35,0.2,16.7,0.0,0,0,0.4,0.4,0.08,0.6,0.6,0.5
Thiago Almada,MF,Argentina,21,2001,0.1,0,0,0,,0.0,0.0,,,0.0,0,0,0.0,0.0,,0.0,0.0,
Thiago Silva,DF,Brazil,38,1984,4.3,0,2,0,0.0,0.46,0.0,0.0,8.0,0.0,0,0,0.2,0.2,0.08,-0.2,-0.2,
Thibaut Courtois,GK,Belgium,30,1992,3.0,0,0,0,,0.0,0.0,,,0.0,0,0,0.0,0.0,,0.0,0.0,
Thilo Kehrer,DF,Germany,26,1996,0.8,0,0,0,,0.0,0.0,,,0.0,0,0,0.0,0.0,,0.0,0.0,
Thomas Delaney,MF,Denmark,31,1991,0.5,0,0,0,,0.0,0.0,,,0.0,0,0,0.0,0.0,,0.0,0.0,
Thomas Meunier,DF,Belgium,31,1991,2.3,0,3,1,33.3,1.28,0.43,0.0,19.6,0.0,0,0,0.2,0.2,0.07,-0.2,-0.2,0.0
Thomas Müller,FW,Germany,33,1989,2.2,0,3,0,0.0,1.34,0.0,0.0,11.3,0.0,0,0,0.3,0.3,0.1,-0.3,-0.3,
Thomas Partey,MF,Ghana,29,1993,3.0,0,2,0,0.0,0.67,0.0,0.0,16.8,0.0,0,0,0.2,0.2,0.1,-0.2,-0.2,
Thorgan Hazard,FW,Belgium,29,1993,1.2,0,0,0,,0.0,0.0,,,0.0,0,0,0.0,0.0,,0.0,0.0,
Tim Ream,DF,United States,35,1987,4.0,0,1,0,0.0,0.25,0.0,0.0,3.7,0.0,0,0,0.3,0.3,0.3,-0.3,-0.3,
Timothy Castagne,DF,Belgium,27,1995,3.0,0,0,0,,0.0,0.0,,,0.0,0,0,0.0,0.0,,0.0,0.0,
Timothy Weah,FW,United States,22,2000,3.5,1,5,3,60.0,1.42,0.85,0.2,17.5,0.0,0,0,0.6,0.6,0.13,0.4,0.4,0.33
Toby Alderweireld,DF,Belgium,33,1989,3.0,0,0,0,,0.0,0.0,,,0.0,0,0,0.0,0.0,,0.0,0.0,
Trent Alexander-Arnold,DF,England,24,1998,0.4,0,0,0,,0.0,0.0,,,0.0,0,0,0.0,0.0,,0.0,0.0,
Tyler Adams,MF,United States,23,1999,4.0,0,1,0,0.0,0.25,0.0,0.0,30.4,0.0,0,0,0.0,0.0,0.02,0.0,0.0,
Unai Simón,GK,Spain,25,1997,4.3,0,0,0,,0.0,0.0,,,0.0,0,0,0.0,0.0,,0.0,0.0,
Uriel Antuna,FW,Mexico,25,1997,0.9,0,2,1,50.0,2.34,1.17,0.0,16.2,0.0,0,0,0.2,0.2,0.08,-0.2,-0.2,0.0
Vanja Milinkovič-Savič,GK,Serbia,25,1997,3.0,0,0,0,,0.0,0.0,,,0.0,0,0,0.0,0.0,,0.0,0.0,
Victor Nelsson,DF,Denmark,24,1998,1.0,0,0,0,,0.0,0.0,,,0.0,0,0,0.0,0.0,,0.0,0.0,
Vincent Aboubakar,FW,Cameroon,30,1992,1.6,2,6,3,50.0,3.8,1.9,0.33,17.8,0.0,0,0,0.6,0.6,0.1,1.4,1.4,0.67
Vincent Janssen,FW,Netherlands,28,1994,1.0,0,2,0,0.0,2.09,0.0,0.0,21.0,0.0,0,0,0.1,0.1,0.04,-0.1,-0.1,
Vinicius Júnior,FW,Brazil,22,2000,3.3,1,9,4,44.4,2.71,1.2,0.11,15.0,0.0,0,0,1.0,1.0,0.11,0.0,0.0,0.25
Virgil van Dijk,DF,Netherlands,31,1991,5.3,0,3,0,0.0,0.56,0.0,0.0,10.6,0.0,0,0,0.2,0.2,0.06,-0.2,-0.2,
Vitinha,MF,Portugal,22,2000,1.3,0,2,2,100.0,1.5,1.5,0.0,28.2,0.0,0,0,0.1,0.1,0.04,-0.1,-0.1,0.0
Wahbi Khazri,FW,Tunisia,31,1991,0.9,1,5,3,60.0,5.42,3.25,0.2,19.1,0.0,0,0,0.4,0.4,0.09,0.6,0.6,0.33
Wajdi Kechrida,DF,Tunisia,27,1995,1.2,0,0,0,,0.0,0.0,,,0.0,0,0,0.0,0.0,,0.0,0.0,
Walid Cheddira,FW,Morocco,24,1998,0.7,0,2,1,50.0,2.81,1.41,0.0,9.8,0.0,0,0,0.5,0.5,0.23,-0.5,-0.5,0.0
Walker Zimmerman,DF,United States,29,1993,3.1,0,1,0,0.0,0.32,0.0,0.0,15.0,0.0,0,0,0.1,0.1,0.07,-0.1,-0.1,
Wataru Endo,MF,Japan,29,1993,3.4,0,6,1,16.7,1.78,0.3,0.0,25.5,0.0,0,0,0.2,0.2,0.03,-0.2,-0.2,0.0
Wayne Hennessey,GK,Wales,35,1987,1.9,0,0,0,,0.0,0.0,,,0.0,0,0,0.0,0.0,,0.0,0.0,
Weston McKennie,MF,United States,24,1998,3.0,0,5,1,20.0,1.66,0.33,0.0,15.5,0.0,0,0,0.4,0.4,0.08,-0.4,-0.4,0.0
William Carvalho,MF,Portugal,30,1992,2.4,0,1,0,0.0,0.42,0.0,0.0,15.8,0.0,0,0,0.1,0.1,0.07,-0.1,-0.1,
William Saliba,DF,France,21,2001,0.3,0,0,0,,0.0,0.0,,,0.0,0,0,0.0,0.0,,0.0,0.0,
Wojciech Szczęsny,GK,Poland,32,1990,4.0,0,0,0,,0.0,0.0,,,0.0,0,0,0.0,0.0,,0.0,0.0,
Wout Weghorst,FW,Netherlands,30,1992,0.7,2,2,2,100.0,2.81,2.81,1.0,12.0,0.0,0,0,0.2,0.2,0.1,1.8,1.8,1.0
Wéverton,GK,Brazil,35,1987,0.1,0,0,0,,0.0,0.0,,,0.0,0,0,0.0,0.0,,0.0,0.0,
Xavi Simons,FW,Netherlands,19,2003,0.1,0,0,0,,0.0,0.0,,,0.0,0,0,0.0,0.0,,0.0,0.0,
Xherdan Shaqiri,FW,Switzerland,31,1991,2.5,1,4,2,50.0,1.57,0.79,0.25,21.9,1.0,0,0,0.3,0.3,0.08,0.7,0.7,0.5
Yahya Attiat Allah,DF,Morocco,27,1995,3.5,0,2,0,0.0,0.57,0.0,0.0,13.0,0.0,0,0,0.2,0.2,0.11,-0.2,-0.2,
Yahya Jabrane,MF,Morocco,31,1991,0.2,0,0,0,,0.0,0.0,,,,0,0,,,,,,
Yann Sommer,GK,Switzerland,34,1988,3.0,0,0,0,,0.0,0.0,,,0.0,0,0,0.0,0.0,,0.0,0.0,
Yannick Carrasco,FW,Belgium,29,1993,1.3,0,4,0,0.0,3.1,0.0,0.0,13.9,0.0,0,0,0.3,0.3,0.07,-0.3,-0.3,
Yasser Al-Shahrani,DF,Saudi Arabia,30,1992,1.0,0,0,0,,0.0,0.0,,,0.0,0,0,0.0,0.0,,0.0,0.0,
Yassine Bounou,GK,Morocco,31,1991,6.3,0,0,0,,0.0,0.0,,,0.0,0,0,0.0,0.0,,0.0,0.0,
Yassine Meriah,DF,Tunisia,29,1993,3.0,0,1,0,0.0,0.33,0.0,0.0,9.3,0.0,0,0,0.1,0.1,0.07,-0.1,-0.1,
Yeltsin Tejeda,MF,Costa Rica,30,1992,3.0,1,2,2,100.0,0.67,0.67,0.5,15.1,0.0,0,0,0.4,0.4,0.21,0.6,0.6,0.5
Youri Tielemans,MF,Belgium,25,1997,1.1,0,0,0,,0.0,0.0,,,0.0,0,0,0.0,0.0,,0.0,0.0,
Youssef En-Nesyri,FW,Morocco,25,1997,6.0,2,9,3,33.3,1.49,0.5,0.22,9.1,0.0,0,0,1.2,1.2,0.14,0.8,0.8,0.67
Youssef Msakni,MF,Tunisia,32,1990,1.9,0,9,2,22.2,4.79,1.07,0.0,16.0,0.0,0,0,0.5,0.5,0.06,-0.5,-0.5,0.0
Youssouf Fofana,MF,France,23,1999,2.5,0,4,0,0.0,1.59,0.0,0.0,21.1,0.0,0,0,0.2,0.2,0.04,-0.2,-0.2,
Youssouf Sabaly,DF,Senegal,29,1993,4.0,0,2,1,50.0,0.5,0.25,0.0,30.9,0.0,0,0,0.0,0.0,0.02,0.0,0.0,0.0
Youssoufa Moukoko,FW,Germany,18,2004,0.0,0,0,0,,0.0,0.0,,,0.0,0,0,0.0,0.0,,0.0,0.0,
Youstin Salas,DF,Costa Rica,26,1996,0.5,0,0,0,,0.0,0.0,,,0.0,0,0,0.0,0.0,,0.0,0.0,
Yuki Soma,FW,Japan,25,1997,0.9,0,3,0,0.0,3.33,0.0,0.0,22.7,1.0,0,0,0.2,0.2,0.06,-0.2,-0.2,
Yunus Musah,MF,United States,20,2002,3.8,0,4,1,25.0,1.05,0.26,0.0,22.9,1.0,0,0,0.3,0.3,0.08,-0.3,-0.3,0.0
Yuto Nagatomo,MF,Japan,36,1986,2.3,0,0,0,,0.0,0.0,,,0.0,0,0,0.0,0.0,,0.0,0.0,
Zakaria Aboukhlal,FW,Morocco,22,2000,0.9,1,3,2,66.7,3.42,2.28,0.33,14.9,0.0,0,0,1.0,1.0,0.33,0.0,0.0,0.5
Álvaro Morata,FW,Spain,30,1992,2.1,3,8,5,62.5,3.89,2.43,0.38,10.3,0.0,0,0,1.4,1.4,0.17,1.6,1.6,0.6
Álvaro Zamora,MF,Costa Rica,20,2002,0.3,0,0,0,,0.0,0.0,,,0.0,0,0,0.0,0.0,,0.0,0.0,
Ángel Correa,MF,Argentina,27,1995,0.1,0,0,0,,0.0,0.0,,,0.0,0,0,0.0,0.0,,0.0,0.0,
Ángel Di María,MF,Argentina,34,1988,3.2,1,6,3,50.0,1.87,0.94,0.17,20.7,0.0,0,0,0.8,0.8,0.14,0.2,0.2,0.33
Ángelo Preciado,DF,Ecuador,24,1998,2.9,0,4,0,0.0,1.36,0.0,0.0,26.1,0.0,0,0,0.1,0.1,0.02,-0.1,-0.1,
Éder Militão,DF,Brazil,24,1998,3.9,0,5,1,20.0,1.3,0.26,0.0,20.2,0.0,0,0,0.2,0.2,0.04,-0.2,-0.2,0.0
Óscar Duarte,DF,Costa Rica,33,1989,3.0,0,0,0,,0.0,0.0,,,0.0,0,0,0.0,0.0,,0.0,0.0,
İlkay GündoÄğan,MF,Germany,32,1990,2.1,1,5,2,40.0,2.38,0.95,0.0,25.9,0.0,1,1,1.1,0.4,0.07,-0.1,-0.4,0.0